email,address,phone,name,residency,region,city,geo_location,lucky_number,nationality,birth_date,north_american,china_resident,china_usa_cooperation,day_of_birth_day
ferdinandmueller@google.sa,Ap #875-3504 Non Street,02 38 76 93 41,Ferdinand Mueller,United Kingdom,Warwickshire,Nuneaton,"32.7627286528, -158.6625671168",67,United States,1993-02-19,1,0,0,Fri
solomonmiles8893@outlook.gh,"P.O. Box 551, 1609 Pharetra. Avenue",05 84 67 56 12,Solomon Miles,Indonesia,Gorontalo,Gorontalo,"2.5649298432, -61.4258876416",64,Vietnam,1963-06-18,0,0,0,Tue
brennanenglish9011@google.com,8374 Erat Av.,02 66 23 25 67,Brennan English,Ireland,Connacht,Galway,"81.577866752, -97.3228767232",40,Spain,1953-08-16,0,0,0,Sun
carlosfranklin9307@yahoo.sa,3048 Hendrerit Ave,07 78 89 73 91,Carlos Franklin,China,Zhōngnán,Hubei,"-56.7518974976, 175.1121529856",86,Italy,1980-10-01,0,1,0,Wed
amandakennedy6014@google.sn,710-3003 Et St.,08 18 96 14 47,Amanda Kennedy,Singapore,North-East Region,Ang Mo Kio,"63.9827079168, 61.4409061376",91,Turkey,1998-07-31,0,0,0,Fri
quintessabuchanan@icloud.net,660-7772 Erat Av.,04 29 22 78 74,Quintessa Buchanan,Mexico,Coahuila,Saltillo,"55.9738343424, -165.1289992192",100,New Zealand,1996-06-01,0,0,0,Sat
hayeshodge5962@yahoo.couk,723-9741 Aliquet St.,06 97 34 94 74,Hayes Hodge,Poland,Podlaskie,Suwałki,"-88.375186944, -1.4612047872",3,Poland,1975-09-18,0,0,0,Thu
kennedydickson@hotmail.couk,"P.O. Box 816, 8452 Nullam Av.",09 37 69 90 68,Kennedy Dickson,Vietnam,Hòa Bình,Hòa Bình,"39.1863397376, -43.223748608",48,Costa Rica,1985-03-09,0,0,0,Sat
drewvaughan@google.net,1038 Quis Rd.,09 58 49 86 83,Drew Vaughan,Indonesia,Gorontalo,Gorontalo,"83.861198848, -25.3758437376",42,Vietnam,1952-07-06,0,0,0,Sun
arsenioatkins@icloud.ca,"P.O. Box 483, 5503 Erat Avenue",04 25 44 15 97,Arsenio Atkins,Philippines,Zamboanga Peninsula,Dapitan,"-11.8733601792, 161.7532027904",13,Philippines,1968-09-25,0,0,0,Wed
summermiles@yahoo.ca,672-6447 Auctor Avenue,09 39 97 25 04,Summer Miles,Austria,Vorarlberg,Bregenz,"-31.9387835392, 135.4107967488",12,Spain,1945-10-06,0,0,0,Sat
joychavez2611@icloud.org,"Ap #638-4309 Auctor, Rd.",08 30 66 95 74,Joy Chavez,Ireland,Connacht,Galway,"-57.0026576896, -131.4135250944",52,Poland,1960-05-31,0,0,0,Tue
petersaunders@protonmail.gh,"P.O. Box 464, 4651 Gravida St.",06 38 95 24 32,Peter Saunders,Philippines,Calabarzon,Antipolo,"-70.3390625792, 47.7234333696",62,Russian Federation,1993-01-10,0,0,0,Sun
urielsmith3859@outlook.sa,Ap #341-5029 In Road,03 06 99 12 92,Uriel Smith,Poland,Mazowieckie,Płock,"67.9978177536, 61.512801792",17,Pakistan,1958-03-09,0,0,0,Sun
daiosborne79@protonmail.org,3332 Facilisis Ave,03 66 45 56 60,Dai Osborne,Vietnam,Khánh Hòa,Nha Trang,"-47.7266163712, -123.5289967616",39,South Africa,1982-05-16,0,0,0,Sun
brandononeal@yahoo.ci,406-9438 Mauris Av.,07 58 64 23 29,Brandon Oneal,Canada,Prince Edward Island,Stratford,"-84.217841664, -38.08928768",36,Germany,1989-08-07,0,0,0,Mon
prestonvelazquez9634@hotmail.sn,"592-7310 Non, Av.",02 63 38 21 15,Preston Velazquez,Peru,Cusco,Cusco,"79.1698968576, 92.1885252608",67,Chile,1964-04-16,0,0,0,Thu
wallacebond@protonmail.ca,7570 Arcu Road,04 46 72 73 25,Wallace Bond,Costa Rica,Heredia,San Francisco,"-30.7919870976, -123.0315225088",63,Ireland,1993-03-30,0,0,0,Tue
jenareynolds6357@yahoo.sn,"P.O. Box 386, 9850 Non, Road",06 84 29 71 21,Jena Reynolds,United Kingdom,Denbighshire,Llangollen,"-85.7303554048, -28.0545308672",37,Ireland,1977-12-02,0,0,0,Fri
vancebradford@protonmail.ci,154-195 Mattis. Avenue,05 17 89 09 13,Vance Bradford,India,Goa,Panjim,"54.7121427456, 22.8083122176",61,Spain,2000-02-28,0,0,0,Mon
holleebowman@hotmail.gh,Ap #995-5971 Vitae Avenue,05 95 52 25 68,Hollee Bowman,Chile,Valparaíso,Concón,"-62.7013460992, -122.6482936832",100,France,1987-06-05,0,0,0,Fri
virginiagiles@google.couk,123-3168 Neque. St.,08 66 47 43 08,Virginia Giles,France,Aquitaine,Pau,"54.86477312, 62.706153984",48,Pakistan,1980-08-13,0,0,0,Wed
lukestewart1815@protonmail.couk,"Ap #606-4515 Non, Avenue",(99) 06 42 44 04 35,Luke Stewart,Australia,Western Australia,Joondalup,"-33.3800225792, 163.204995584",85,Poland,1962-06-13,0,0,0,Wed
adamhardin@icloud.sa,376-504 Ut St.,02 23 15 96 89,Adam Hardin,Singapore,West Region,Tuas,"-10.187419648, -29.3804483584",51,Austria,1990-02-24,0,0,0,Sat
maxinewall7961@protonmail.ci,407-2341 Neque. St.,01 20 19 80 22,Maxine Wall,Colombia,Huila,Neiva,"-67.984599552, -127.6990134272",77,Sweden,1961-05-18,0,0,0,Thu
giacomovasquez@yahoo.sn,"P.O. Box 610, 2676 Magna. Ave",04 39 24 47 42,Giacomo Vasquez,India,Odisha,Puri,"76.1589095424, 120.1907329024",37,Costa Rica,1994-05-15,0,0,0,Sun
jonahosborn8338@yahoo.ca,Ap #479-8594 Penatibus Street,08 82 75 18 24,Jonah Osborn,Peru,Arequipa,Arequipa,"-83.1148726272, -2.611586048",85,Germany,1957-07-30,0,0,0,Tue
lengray6251@yahoo.gh,"P.O. Box 250, 1996 Bibendum. St.",03 91 01 36 43,Len Gray,Ukraine,Chernihiv oblast,Nizhyn,"-73.0440979456, 78.1560045568",37,Sweden,1947-09-08,0,0,0,Mon
isabellehammond6651@outlook.sa,"P.O. Box 693, 4859 Facilisis Street",02 25 81 02 02,Isabelle Hammond,Turkey,Konya,Karapınar,"-71.414422016, 52.7959599104",89,Ireland,1985-03-26,0,0,0,Tue
danielhayes@yahoo.edu,491-3582 Amet Ave,06 79 53 64 62,Daniel Hayes,United Kingdom,Norfolk,Norwich,"-31.142358016, 145.2654391296",12,Brazil,2000-07-25,0,0,0,Tue
quinnknapp@hotmail.net,Ap #656-6207 Est. St.,09 75 84 65 47,Quinn Knapp,Poland,Podlaskie,Łomża,"-24.1346069504, 74.3269060608",63,Philippines,1975-05-07,0,0,0,Wed
chelseahoffman@hotmail.edu,Ap #576-4656 Lectus Avenue,07 95 10 49 42,Chelsea Hoffman,Germany,Bayern,Würzburg,"17.7526496256, -147.0776126464",91,Australia,1999-05-26,0,0,0,Wed
alexandrajenkins4537@hotmail.ca,"Ap #247-1727 In, Rd.",09 42 61 09 86,Alexandra Jenkins,Spain,Castilla - La Mancha,Toledo,"0.6823552, 107.6409253888",78,Sweden,1973-01-22,0,0,0,Mon
ebonyhebert@yahoo.edu,658-8651 Dapibus St.,(99) 06 27 06 53 60,Ebony Hebert,Australia,New South Wales,Goulburn,"3.7266566144, -95.9747838976",63,United Kingdom,1988-10-07,0,0,0,Fri
ericabishop5362@icloud.gh,"7415 Non, Ave",07 33 82 11 81,Erica Bishop,France,Alsace,Strasbourg,"-37.5856242688, -3.555491328",45,Singapore,1982-11-08,0,0,0,Mon
maraduke@protonmail.gh,Ap #223-4897 Nullam Ave,01 57 61 64 86,Mara Duke,Spain,Comunitat Valenciana,Torrevieja,"56.1777813504, -112.6932775936",13,Netherlands,1955-08-16,0,0,0,Tue
reeceworkman@outlook.couk,2147 Donec Ave,01 76 21 38 48,Reece Workman,Costa Rica,Guanacaste,Liberia,"-26.9984137216, 77.6785221632",51,Vietnam,1958-02-07,0,0,0,Fri
jakeemmccarty8059@yahoo.com,Ap #664-1974 Iaculis Avenue,04 71 61 46 52,Jakeem Mccarty,New Zealand,North Island,Te Puke,"14.5870395392, -56.1257678848",2,United States,1983-02-15,1,0,0,Tue
bellsosa2313@protonmail.net,7784 Diam. St.,06 22 68 45 45,Bell Sosa,Turkey,Van,Van,"-59.4095799296, 176.4721251328",70,Netherlands,1974-01-04,0,0,0,Fri
wangkey@icloud.ca,"P.O. Box 265, 904 Sed Rd.",02 65 35 02 41,Wang Key,Netherlands,Zeeland,Middelburg,"-82.4147588096, 43.5640701952",89,Mexico,1957-09-03,0,0,0,Tue
perryalston426@google.sa,5505 Proin Road,08 43 13 86 38,Perry Alston,Turkey,Kayseri,Kayseri,"78.0367357952, -24.3506332672",27,United Kingdom,1950-11-17,0,0,0,Fri
giselamendoza3573@hotmail.ca,"9609 Egestas, St.",(99) 04 87 51 28 57,Gisela Mendoza,Australia,Queensland,Bundaberg,"46.7985232896, 166.3567122432",17,France,1949-12-27,0,0,0,Tue
warrenrichard939@google.edu,5444 Auctor Av.,08 71 52 67 67,Warren Richard,India,Assam,Guwahati,"16.3105911808, -19.3991914496",70,South Korea,1964-03-22,0,0,0,Sun
chantaledecker6579@icloud.org,4586 Pellentesque Avenue,01 42 12 54 08,Chantale Decker,Turkey,Aydın,Aydın,"-46.8127903744, 77.5949751296",94,Chile,1945-03-22,0,0,0,Thu
emirowland7841@outlook.sn,"564-5429 At, St.",02 52 55 14 14,Emi Rowland,India,Odisha,Puri,"6.2925699072, 36.3542167552",14,Brazil,1989-04-21,0,0,0,Fri
daquanmason@yahoo.sa,247-3963 Dignissim Ave,02 64 83 41 47,Daquan Mason,Ukraine,Zaporizhzhia oblast,Zaporizhzhia,"59.1403864064, -14.2681409536",63,Russian Federation,1970-02-19,0,0,0,Thu
iankane@yahoo.ci,Ap #370-5534 Eu Street,(99) 04 41 42 21 18,Ian Kane,Australia,Victoria,Bendigo,"23.3520413696, -158.21913856",42,Brazil,1976-11-05,0,0,0,Fri
chaseolsen4689@hotmail.sn,Ap #125-461 Lacus. Av.,03 12 56 58 16,Chase Olsen,Mexico,Puebla,Tehuacán,"73.0227818496, 111.7365856256",10,South Africa,1958-11-08,0,0,0,Sat
perrycote7925@outlook.couk,249-2048 Phasellus Street,08 27 92 88 83,Perry Cote,Spain,Euskadi,Bilbo,"-58.6198458368, -152.4090980352",18,South Korea,1997-06-23,0,0,0,Mon
nicoleayala4015@protonmail.gh,"174-4270 Eu, Rd.",05 82 16 74 86,Nicole Ayala,India,Pondicherry,Pondicherry,"51.710092288, 19.3599419392",93,Chile,1986-04-25,0,0,0,Fri
jinwong@protonmail.net,Ap #655-9185 Quis Av.,08 83 24 11 72,Jin Wong,Norway,Trøndelag,Orkanger,"72.9167885312, 34.7833563136",4,Singapore,1979-04-21,0,0,0,Sat
normanstewart@outlook.ci,6395 Volutpat. St.,05 27 49 21 14,Norman Stewart,New Zealand,North Island,Matamata,"67.8571932672, -48.1588651008",29,South Africa,1993-04-14,0,0,0,Wed
amerynewman@hotmail.sa,751-5585 Luctus. Rd.,06 86 54 91 73,Amery Newman,France,Champagne-Ardenne,Charleville-Mézières,"8.5719269376, 172.3066268672",88,Canada,1946-01-04,1,0,0,Fri
wadewilson@outlook.sa,Ap #933-8741 Aliquet Rd.,05 53 31 33 27,Wade Wilson,Turkey,Antalya,Kumluca,"16.8184993792, 123.1735924736",54,Italy,1987-09-02,0,0,0,Wed
hirokochen4282@google.org,Ap #868-313 Risus. Rd.,06 16 83 57 92,Hiroko Chen,Canada,New Brunswick,Dieppe,"-17.05425408, -178.5775412224",64,Netherlands,1964-01-03,0,0,0,Fri
kennangould6119@yahoo.com,651-7292 Proin Road,03 46 89 44 51,Kennan Gould,Brazil,Minas Gerais,Divinópolis,"-33.755232256, -13.9733553152",71,Belgium,1952-11-29,0,0,0,Sat
phelananthony@outlook.ci,865-4496 Praesent Rd.,07 36 13 26 55,Phelan Anthony,Peru,Junín,Tarma,"47.8258250752, 112.900244992",58,Mexico,1992-08-15,0,0,0,Sat
ottorussell5289@yahoo.org,808-2858 Eu Ave,(99) 03 69 45 86 82,Otto Russell,Australia,Western Australia,Canning,"-74.1284084736, -130.9066635264",59,South Korea,1967-06-19,0,0,0,Mon
ravenbarr@protonmail.edu,Ap #115-9183 Nisi Street,07 68 46 26 76,Raven Barr,South Korea,North Jeolla,Iksan,"42.6809749504, 23.5049760768",14,United Kingdom,1962-05-17,0,0,0,Thu
yokojones@protonmail.com,4211 Vivamus Street,03 54 36 82 80,Yoko Jones,Ukraine,Chernihiv oblast,Nizhyn,"63.4065833984, 12.2394458112",5,Chile,1945-04-27,0,0,0,Fri
desiraeacosta@google.sn,"P.O. Box 818, 6705 Sapien. Avenue",02 55 67 66 63,Desirae Acosta,Italy,Sicilia,Castellana Sicula,"-88.7974836224, 131.802778112",46,Chile,1997-10-26,0,0,0,Sun
camerantravis@yahoo.sn,"P.O. Box 724, 2448 Dignissim. St.",02 65 86 81 68,Cameran Travis,Spain,Euskadi,Donosti,"-55.9011642368, 23.4555312128",42,Turkey,1950-07-15,0,0,0,Sat
darrelcrosby@google.gh,273-8019 Malesuada St.,07 89 20 39 99,Darrel Crosby,South Africa,Northern Cape,Kuruman,"11.7800728576, 44.216521216",71,Norway,1980-03-01,0,0,0,Sat
sarahherman3828@protonmail.sn,865-330 Dapibus Rd.,06 60 21 36 60,Sarah Herman,Chile,Coquimbo,Canela,"57.7926750208, 27.5220767744",16,Netherlands,1968-11-21,0,0,0,Thu
hilarylopez@hotmail.sn,Ap #717-7665 Enim. St.,06 67 33 50 25,Hilary Lopez,Poland,Lubelskie,Zamość,"53.281449984, 163.4916975616",47,Ukraine,1949-01-02,0,0,0,Sun
whileminafletcher@hotmail.edu,Ap #187-8376 Nisl Road,01 01 17 51 56,Whilemina Fletcher,Ireland,Munster,Cork,"-44.6964201472, -24.6653735936",98,South Korea,1974-09-24,0,0,0,Tue
tylernunez@yahoo.org,"P.O. Box 799, 5034 Vitae Ave",03 44 36 38 31,Tyler Nunez,United States,Alaska,Juneau,"-4.1216684032, -39.8073091072",37,Brazil,1952-11-21,0,0,0,Fri
elizabethortega3323@outlook.sn,Ap #792-5526 Molestie. St.,08 67 12 44 51,Elizabeth Ortega,India,Haryana,Karnal,"-16.0132289536, 89.433805312",32,Brazil,1996-05-21,0,0,0,Tue
alexandrareed@yahoo.edu,Ap #184-1969 Donec Road,05 75 59 25 55,Alexandra Reed,Nigeria,Katsina,Funtua,"63.7216482304, -7.400659968",55,Canada,1970-05-13,1,0,0,Wed
abdulchapman9140@outlook.gh,"733-8967 Consequat, Ave",07 02 06 23 74,Abdul Chapman,Russian Federation,Kirov Oblast,Kirov,"49.0629543936, 143.9079958528",71,Pakistan,1960-05-21,0,0,0,Sat
markweeks@protonmail.gh,Ap #997-3408 Tristique Rd.,(99) 02 30 66 12 14,Mark Weeks,Australia,Queensland,Hervey Bay,"-50.6426149888, 18.7475407872",24,Colombia,1959-01-27,0,0,0,Tue
guineverepowell@google.couk,"8392 Consectetuer, Av.",07 44 67 86 74,Guinevere Powell,France,Aquitaine,Pessac,"-31.4982981632, -101.336692736",32,Netherlands,1974-11-30,0,0,0,Sat
carlosle8850@google.edu,783-7850 Malesuada St.,04 48 04 26 34,Carlos Le,Brazil,Minas Gerais,Ipatinga,"-2.8190849024, -47.50281984",48,Indonesia,1969-09-23,0,0,0,Tue
elizabethbuckner@yahoo.sa,148-4805 Felis. St.,05 79 34 78 80,Elizabeth Buckner,Brazil,São Paulo,Campinas,"-2.6910205952, 129.964613632",57,Peru,1962-10-31,0,0,0,Wed
lauraevans638@hotmail.edu,"Ap #780-580 Enim, St.",06 48 52 74 65,Laura Evans,Austria,Carinthia,Völkermarkt,"-51.91161088, -48.2269026304",53,Sweden,1987-06-17,0,0,0,Wed
teaganklein2291@google.couk,Ap #909-5343 Aenean St.,02 67 92 63 05,Teagan Klein,Norway,Viken,Drammen,"-26.0737926144, -50.0513352704",39,Canada,1964-11-08,1,0,0,Sun
kellywheeler6993@google.edu,Ap #377-7630 Dolor Road,02 24 14 27 94,Kelly Wheeler,Turkey,Gaziantep,Nizip,"6.416757248, 73.828313088",16,Chile,1998-12-10,0,0,0,Thu
teegankey3895@google.couk,"576-6891 Tellus, St.",02 81 75 12 16,Teegan Key,Ukraine,Ternopil oblast,Chortkiv,"24.0893402112, 28.8288334848",66,Netherlands,1989-10-07,0,0,0,Sat
keanealvarado@icloud.gh,Ap #859-8036 Ultricies St.,03 22 92 32 88,Keane Alvarado,United Kingdom,Ayrshire,Irvine,"30.7252539392, -121.890173952",88,Vietnam,1984-06-01,0,0,0,Fri
rhiannoncruz@outlook.com,4754 Pellentesque Ave,07 18 68 77 85,Rhiannon Cruz,Brazil,Rio Grande do Sul,Santa Maria,"89.6697677824, -4.678630912",71,Australia,1985-08-05,0,0,0,Mon
guypatrick2061@icloud.com,230-1221 In Road,02 27 53 53 84,Guy Patrick,Ireland,Leinster,Dublin,"35.9253184512, 31.1125666816",44,Singapore,1967-12-12,0,0,0,Tue
vedahendricks3607@protonmail.org,"P.O. Box 450, 1198 Enim. Rd.",09 66 63 36 81,Veda Hendricks,Nigeria,Delta,Sapele,"-66.0712641536, 54.8260857856",60,Brazil,1961-04-16,0,0,0,Sun
yoshiolawrence1194@protonmail.edu,"P.O. Box 245, 8417 Eget Ave",07 28 16 93 45,Yoshio Lawrence,New Zealand,North Island,Taupo,"22.3035144192, 120.2126565376",55,Brazil,1954-09-11,0,0,0,Sat
hedynorman@icloud.sa,669-3812 Vulputate Av.,02 72 66 48 56,Hedy Norman,Ireland,Leinster,Dublin,"82.4072187904, -99.044747776",79,Pakistan,1974-02-13,0,0,0,Wed
risaray5354@protonmail.net,6054 Pede. Av.,07 15 75 77 58,Risa Ray,Spain,Castilla y León,León,"54.4771028992, 160.3138315264",101,Austria,1973-09-22,0,0,0,Sat
harrisonbritt4460@hotmail.sn,Ap #716-5886 Proin St.,03 26 93 96 59,Harrison Britt,Colombia,Santander,Piedecuesta,"-25.719929856, -65.8268178432",87,United States,1967-03-25,1,0,0,Sat
randallstewart4812@hotmail.sn,Ap #896-2383 Ridiculus Av.,06 02 16 51 92,Randall Stewart,Ukraine,Zaporizhzhia oblast,Berdiansk,"24.96862464, -127.481276416",28,South Korea,1970-04-08,0,0,0,Wed
noellemills@outlook.org,"P.O. Box 640, 5363 Neque Av.",05 66 53 43 01,Noelle Mills,Canada,British Columbia,Stewart,"-0.3947972608, 144.9863554048",58,Sweden,1965-06-17,0,0,0,Thu
chelseapope@outlook.edu,"P.O. Box 183, 752 Interdum. Ave",04 46 87 76 68,Chelsea Pope,Chile,Atacama,Caldera,"76.1457349632, 177.315900928",63,United States,1998-02-19,1,0,0,Thu
alisahartman2624@hotmail.gh,8206 Consequat St.,05 58 08 11 69,Alisa Hartman,Poland,Podlaskie,Suwałki,"24.6889977856, -97.2036235264",94,Netherlands,1952-12-02,0,0,0,Tue
minervaholder@yahoo.couk,"P.O. Box 937, 8510 Magna. Avenue",08 75 63 77 17,Minerva Holder,Chile,O'Higgins,Codegua,"-55.5923818496, -108.9188161536",77,Australia,1960-05-10,0,0,0,Tue
vannabattle1600@outlook.ci,748-4310 Nulla St.,04 04 56 12 06,Vanna Battle,France,Lorraine,Vandoeuvre-lès-Nancy,"65.0844535808, -112.4364253184",2,Philippines,1986-05-06,0,0,0,Tue
ahmedcleveland@hotmail.couk,"Ap #509-5232 Nec, Road",02 13 91 58 48,Ahmed Cleveland,Philippines,Bicol Region,Ligao,"-54.8723972096, 20.2822990848",54,Philippines,1978-02-08,0,0,0,Wed
erichbrady8996@hotmail.sa,Ap #930-9228 Egestas Rd.,05 54 46 89 89,Erich Brady,South Korea,North Chungcheong,Chungju,"3.0798675968, -53.1899508736",30,South Africa,2000-01-23,0,0,0,Sun
ezragiles3527@outlook.ca,343-3320 Non Street,(99) 01 82 78 40 22,Ezra Giles,Australia,Northern Territory,Darwin,"-84.979508736, -29.1588644864",8,Italy,1951-03-19,0,0,0,Mon
jaelsteele7720@protonmail.gh,"P.O. Box 469, 3668 Arcu Road",04 63 54 55 72,Jael Steele,Poland,Wielkopolskie,Poznań,"-7.4829319168, 31.27908608",14,Netherlands,1996-03-05,0,0,0,Tue
fayyang@google.edu,Ap #356-5893 Ultricies Av.,06 60 54 73 62,Fay Yang,China,Dōngběi,Jilin,"-56.2725348352, -85.0017366016",54,Nigeria,1991-09-04,0,1,0,Wed
castorayala@hotmail.sa,Ap #513-1937 Fermentum Rd.,02 87 25 88 00,Castor Ayala,Costa Rica,Alajuela,Alajuela,"-19.6293060608, 170.2694550528",30,Colombia,1995-05-27,0,0,0,Sat
urielleellison@icloud.edu,"393-4883 Pellentesque, Avenue",03 71 37 68 57,Urielle Ellison,Austria,Styria,Leoben,"-56.8802613248, -161.0709060608",77,Austria,1968-08-06,0,0,0,Tue
jenanixon4000@yahoo.couk,2134 Donec Rd.,05 32 42 55 84,Jena Nixon,Turkey,Kayseri,Yahyalı,"70.439610368, -157.4458848256",62,Canada,1984-05-21,1,0,0,Mon
augustmeyer@protonmail.edu,320-2062 Tortor. Road,(99) 07 41 82 62 27,August Meyer,Australia,South Australia,Port Lincoln,"88.8889869312, 160.3336620032",17,Singapore,1958-05-08,0,0,0,Thu
lionelcharles9171@outlook.ca,"676-9103 Est, St.",02 57 31 76 44,Lionel Charles,Ukraine,Dnipropetrovsk oblast,Kryvyi Rih,"-3.977040896, -171.0801506304",55,Singapore,1993-04-12,0,0,0,Mon
kenyonglass8855@icloud.ci,597-3077 Non St.,06 21 67 34 71,Kenyon Glass,Vietnam,Thái Bình,Diêm Điền,"-57.7516224512, -136.6723591168",17,Colombia,1968-09-24,0,0,0,Tue
francescaperez@outlook.ci,825-1362 Ipsum. Road,03 62 20 58 92,Francesca Perez,Costa Rica,Heredia,San Francisco,"-56.5175747584, 54.5250432",77,Belgium,1982-11-12,0,0,0,Fri
guygillespie2232@icloud.ci,Ap #457-4651 Arcu. Rd.,09 88 40 76 82,Guy Gillespie,Germany,Berlin,Berlin,"-72.520674304, 72.9619780608",3,Ukraine,1997-01-02,0,0,0,Thu
griffithpetty5536@icloud.ci,3478 Aliquet St.,01 47 84 57 04,Griffith Petty,Turkey,Istanbul,Istanbul,"-50.228471296, 34.450767872",11,South Africa,1997-03-09,0,0,0,Sun
willowkramer6223@protonmail.sa,832-4311 Pellentesque Avenue,05 55 24 13 55,Willow Kramer,South Africa,Western Cape,Bellville,"36.9209092096, 151.4883232768",53,Sweden,1961-01-17,0,0,0,Tue
allensolis7640@outlook.sa,Ap #747-642 Nec Rd.,07 48 51 85 79,Allen Solis,Sweden,Jönköpings län,Vetlanda,"-72.505900032, -40.2627956736",69,Russian Federation,1975-10-23,0,0,0,Thu
cyruspeterson@protonmail.com,681-8331 Amet Avenue,06 88 40 65 33,Cyrus Peterson,Peru,Puno,Puno,"-9.2630402048, 88.5652836352",57,Pakistan,1968-12-07,0,0,0,Sat
lylesparks7152@hotmail.org,"P.O. Box 511, 8762 Non St.",04 82 40 65 48,Lyle Sparks,Italy,Friuli-Venezia Giulia,Polcenigo,"6.620148224, -125.8264131584",34,Colombia,1972-07-03,0,0,0,Mon
marthatucker7367@hotmail.net,Ap #233-4084 Massa. Street,07 94 80 82 18,Martha Tucker,Indonesia,Aceh,Banda Aceh,"-73.3357632512, -79.5142595584",28,Vietnam,1951-12-09,0,0,0,Sun
mckenziehampton5988@protonmail.ci,8355 Risus. Road,08 76 64 43 68,McKenzie Hampton,Sweden,Stockholms län,Tumba,"-80.7458345984, 178.0609004544",39,Pakistan,1957-10-20,0,0,0,Sun
levihumphrey7488@icloud.org,Ap #633-2456 Quis Rd.,07 23 13 48 57,Levi Humphrey,Austria,Vorarlberg,Götzis,"-24.960666624, 14.5829522432",94,Spain,1960-11-20,0,0,0,Sun
michellemcmahon@icloud.ci,Ap #497-5421 Tempus Rd.,08 36 99 18 21,Michelle Mcmahon,South Korea,Gangwon,Wonju,"19.3474238464, 117.9346171904",49,Costa Rica,1993-07-22,0,0,0,Thu
clintonhart@icloud.gh,Ap #549-7835 Venenatis St.,07 78 15 35 04,Clinton Hart,South Korea,South Jeolla,Mokpo,"79.5097243648, -91.2157867008",46,Mexico,1957-08-24,0,0,0,Sat
whileminachapman3637@protonmail.sa,4759 Diam Ave,(99) 07 23 15 07 48,Whilemina Chapman,Australia,Tasmania,Devonport,"-18.1709863936, -47.8820219904",69,Mexico,1958-08-02,0,0,0,Sat
freyaboyle9463@yahoo.edu,511-2783 Malesuada St.,02 71 12 55 58,Freya Boyle,Poland,Lubuskie,Gorzów Wielkopolski,"80.9456731136, -76.8312590336",63,South Africa,1999-12-23,0,0,0,Thu
calistapope@yahoo.edu,1941 Fermentum St.,02 30 35 08 68,Calista Pope,Colombia,Quindío,Armenia,"-73.333961728, -77.625571328",34,United Kingdom,1975-06-23,0,0,0,Mon
quinmcclure5102@protonmail.couk,"P.O. Box 876, 7786 Class Rd.",01 48 36 03 46,Quin Mcclure,South Africa,Western Cape,Simon's Town,"30.4355396608, 123.2316772352",53,Russian Federation,1992-11-18,0,0,0,Wed
reubennieves@google.edu,"P.O. Box 573, 5747 Eget Avenue",03 25 27 55 74,Reuben Nieves,Spain,Canarias,Las Palmas,"-35.1992287232, -8.5198491648",55,China,1958-03-26,0,0,0,Wed
simonepalmer8843@protonmail.ca,Ap #369-994 Nisl St.,05 48 99 61 16,Simone Palmer,Nigeria,Rivers,Port Harcourt,"-56.5671830528, 156.9161029632",5,Costa Rica,1992-04-17,0,0,0,Fri
vladimiralvarez6604@google.couk,Ap #984-4097 Magna Avenue,08 11 13 76 31,Vladimir Alvarez,United States,Wisconsin,Kenosha,"3.062273024, 153.9445721088",38,Indonesia,1980-07-28,0,0,0,Mon
xavierboyle8696@outlook.net,Ap #375-7497 Semper Ave,08 70 54 13 38,Xavier Boyle,Austria,Vienna,Vienna,"-29.807212032, 164.9699436544",30,Canada,1967-05-10,1,0,0,Wed
reginajuarez@icloud.net,539-8116 At Road,01 76 46 08 16,Regina Juarez,Norway,Nordland,Bodø,"80.8143207424, 134.6159438848",29,Indonesia,1968-02-04,0,0,0,Sun
georgiagutierrez@hotmail.sa,438-1890 Non Ave,08 53 35 63 53,Georgia Gutierrez,Italy,Sardegna,Ollolai,"27.9333731328, -20.7393534976",38,Colombia,1985-11-04,0,0,0,Mon
carasanchez6915@yahoo.sa,316-7027 Pede St.,02 51 36 47 40,Cara Sanchez,Peru,Lima,Huacho,"-10.933763072, -33.9415452672",68,United States,1957-06-22,1,0,0,Sat
aidangibson5234@google.org,Ap #571-4780 Etiam St.,07 64 67 80 88,Aidan Gibson,Poland,Kujawsko-pomorskie,Toruń,"-67.2054244352, -176.5618254848",70,Ireland,1999-06-25,0,0,0,Fri
chadwickburns3499@yahoo.gh,Ap #343-9215 Risus. St.,06 11 80 87 61,Chadwick Burns,China,Xīběi,Xinjiang,"-49.9155172352, 72.329628672",49,South Africa,1960-05-11,0,1,0,Wed
darashelton@yahoo.edu,Ap #862-3356 Metus Rd.,03 14 75 49 02,Dara Shelton,United States,Minnesota,Bloomington,"-49.5285725184, 112.0795205632",21,China,1955-04-14,0,0,1,Thu
echospencer7712@outlook.ci,"P.O. Box 114, 9939 Sed Av.",04 72 25 36 47,Echo Spencer,Brazil,Maranhão,Paço do Lumiar,"74.4767501312, -146.2977135616",88,Costa Rica,1977-10-05,0,0,0,Wed
isaiahatkinson4219@outlook.sa,Ap #145-7716 Gravida St.,04 25 32 17 85,Isaiah Atkinson,Nigeria,Bauchi,Bauchi,"61.1586819072, 80.4621278208",35,Costa Rica,1998-07-10,0,0,0,Fri
stewartbuchanan2636@google.com,676-9271 Id Road,07 36 56 24 24,Stewart Buchanan,Chile,Coquimbo,La Higuera,"42.1727120384, 10.7844337664",44,Poland,1976-11-02,0,0,0,Tue
aprilhaynes8354@google.com,Ap #807-7499 Nunc Ave,06 83 18 36 68,April Haynes,Norway,Troms og Finnmark,Hammerfest,"-85.7282661376, -23.6106520576",43,Norway,2000-09-15,0,0,0,Fri
emmalester8910@hotmail.sa,5395 Non Av.,09 99 38 61 24,Emma Lester,Indonesia,West Papua,Manokwari,"-7.1107697664, -18.5501401088",32,China,1970-06-17,0,0,0,Wed
toddhopkins@google.sa,Ap #571-1039 Phasellus Road,04 67 13 14 38,Todd Hopkins,Turkey,Balıkesir,Bandırma,"39.3029599232, -148.7516717056",95,Costa Rica,1967-10-22,0,0,0,Sun
barryparks2694@protonmail.edu,739-5495 Vitae St.,04 53 70 94 17,Barry Parks,Russian Federation,Sevastopol City,Sevastopol,"-59.0539049984, -51.0385159168",52,Ireland,1961-12-23,0,0,0,Sat
calebmooney@outlook.ca,2860 Ut Avenue,06 53 45 66 18,Caleb Mooney,India,Delhi,Delhi,"-13.2440163328, -169.5439254528",100,Colombia,1972-06-04,0,0,0,Sun
sybilfaulkner@yahoo.edu,292-5180 Eget Av.,01 31 84 78 73,Sybil Faulkner,Vietnam,Bắc Kạn,Bắc Kạn,"-76.8849963008, -101.5406170112",71,Sweden,1993-03-13,0,0,0,Sat
cynthiasullivan1387@google.gh,532-8365 Ut Street,02 17 68 37 99,Cynthia Sullivan,Brazil,Bahia,Salvador,"40.471693312, 68.346172416",19,France,1949-11-04,0,0,0,Fri
calebchang@outlook.ca,"P.O. Box 203, 7809 Ullamcorper. Rd.",08 36 41 24 22,Caleb Chang,Colombia,Norte de Santander,Villa del Rosario,"20.816743936, 20.5657040896",89,Germany,1982-12-31,0,0,0,Fri
garynolan@yahoo.couk,724 Blandit. Rd.,04 42 06 21 24,Gary Nolan,Peru,Loreto,Yurimaguas,"45.4662071296, -19.0823835648",98,Austria,1994-01-08,0,0,0,Sat
joelleayala4409@outlook.org,2821 Ut Avenue,02 55 98 32 28,Joelle Ayala,Austria,Tyrol,Innsbruck,"18.4838352896, 174.8350988288",25,Vietnam,1969-11-24,0,0,0,Mon
robertanthony3531@outlook.couk,Ap #236-5713 Amet Ave,(99) 03 85 13 78 87,Robert Anthony,Australia,Tasmania,Devonport,"87.6243267584, 45.7737905152",74,Singapore,1986-03-28,0,0,0,Fri
bellwynn6932@protonmail.gh,Ap #174-6192 Sapien. Street,05 65 17 68 25,Bell Wynn,Germany,Hessen,Wiesbaden,"-74.5728502784, 105.5506965504",53,Mexico,1959-05-11,0,0,0,Mon
barclayconley9576@google.gh,"Ap #197-982 Eu, Rd.",06 82 33 05 53,Barclay Conley,Ireland,Leinster,Dublin,"-78.7311213568, 135.8420948992",61,India,1978-02-24,0,0,0,Fri
rinahenson9871@icloud.couk,956-3037 Ipsum Av.,05 38 52 96 53,Rina Henson,Sweden,Västra Götalands län,Trollhättan,"-35.2168305664, 13.2890427392",86,Mexico,1953-01-15,0,0,0,Thu
madisondennis7481@hotmail.sn,430-9474 Egestas. Rd.,07 82 87 23 85,Madison Dennis,Russian Federation,Oryol Oblast,Oryol,"-6.67741952, -70.9023844352",77,Singapore,1961-06-11,0,0,0,Sun
oraratliff@protonmail.edu,8533 Nunc Avenue,09 11 36 47 25,Ora Ratliff,United States,Alaska,Anchorage,"66.0116079616, 142.3549801472",99,New Zealand,1979-07-31,0,0,0,Tue
conanbryant@google.ci,"294-7060 Eu, Street",05 36 64 32 43,Conan Bryant,Poland,Podlaskie,Białystok,"-49.8859958272, -40.298179072",99,Costa Rica,1974-12-15,0,0,0,Sun
fleurnash7275@google.ci,Ap #621-1710 Tincidunt St.,01 77 43 54 59,Fleur Nash,Singapore,West Region,Boon Lay,"74.262593536, -119.0797106176",67,Russian Federation,1996-01-14,0,0,0,Sun
ruthcantu@protonmail.com,Ap #439-1305 Dolor. St.,05 53 87 20 31,Ruth Cantu,Brazil,Rio de Janeiro,Campos dos Goytacazes,"63.69017088, 23.0007955456",77,Spain,1991-01-23,0,0,0,Wed
coltondoyle608@icloud.sa,9716 Orci Ave,03 33 53 43 33,Colton Doyle,Turkey,Diyarbakır,Silvan,"-46.865691648, -96.1541209088",4,Belgium,1997-02-19,0,0,0,Wed
rhodaparrish@outlook.couk,Ap #140-7256 Nunc St.,05 01 38 54 89,Rhoda Parrish,Norway,Rogaland,Jørpeland,"-86.7488620544, 62.6718768128",51,Singapore,1979-07-02,0,0,0,Mon
kiaralevy@icloud.gh,140-6081 Suspendisse Ave,03 79 42 77 06,Kiara Levy,Brazil,Ceará,Fortaleza,"-29.3214155776, 131.078874624",30,Colombia,1987-07-15,0,0,0,Wed
mackenzierobbins874@protonmail.ca,Ap #925-1090 Sed Road,03 39 81 75 04,MacKenzie Robbins,New Zealand,North Island,Morrinsville,"60.4654982144, 102.400061952",92,Belgium,1958-04-28,0,0,0,Mon
hallkent356@yahoo.edu,300-5097 Interdum Street,(99) 02 63 15 86 41,Hall Kent,Australia,Tasmania,Launceston,"-42.9424157696, -179.0696579072",100,India,1947-05-10,0,0,0,Sat
hamishgoff@outlook.edu,277-7222 Dis Ave,07 86 60 13 24,Hamish Goff,Turkey,Hatay,Reyhanlı,"74.152472064, 126.2478098432",68,United Kingdom,1972-08-11,0,0,0,Fri
avalandry7696@icloud.net,661-1582 Eu Avenue,08 10 26 21 57,Ava Landry,Brazil,Paraná,Colombo,"-21.1638025216, 141.702491136",62,Spain,1986-07-23,0,0,0,Wed
austinsalinas@google.sn,"P.O. Box 457, 8190 Eget Ave",02 15 78 61 74,Austin Salinas,Vietnam,Đồng Tháp,Cao Lãnh,"12.8992330752, -133.7669741568",92,Austria,1967-10-09,0,0,0,Mon
nathanblake@outlook.gh,"1359 Id, Rd.",04 43 78 24 23,Nathan Blake,Peru,Puno,Puno,"-47.9628638208, 25.404190208",82,Brazil,1971-04-25,0,0,0,Sun
murphybowen9635@hotmail.edu,Ap #871-6272 In St.,09 80 71 78 97,Murphy Bowen,South Korea,Gyeonggi,Pocheon,"16.1122884608, -66.6363395072",58,Chile,1960-03-15,0,0,0,Tue
marahcalderon3942@hotmail.org,401-7284 Suspendisse Av.,07 48 10 32 42,Marah Calderon,Peru,Cajamarca,Cajamarca,"82.8806920192, 12.6291351552",15,China,1968-08-27,0,0,0,Tue
levmccormick8090@outlook.edu,"113-1439 Orci, Road",05 72 78 27 55,Lev Mccormick,United Kingdom,Westmorland,Kirkby Lonsdale,"-29.5478977536, 102.4623192064",32,Brazil,1951-01-26,0,0,0,Fri
cruzparks@icloud.gh,"P.O. Box 697, 4719 Eros. St.",02 59 39 23 62,Cruz Parks,Peru,Cusco,Cusco,"34.0452399104, -49.8954331136",93,Brazil,1948-02-09,0,0,0,Mon
kevynyork497@protonmail.com,"P.O. Box 904, 6821 Lectus Rd.",02 32 40 06 55,Kevyn York,Germany,Bremen,Bremen,"65.6725500928, -3.1983236096",90,Sweden,1975-07-13,0,0,0,Sun
madalinelucas4021@outlook.net,"P.O. Box 421, 887 Velit Street",06 66 82 64 11,Madaline Lucas,Netherlands,Gelderland,Zaltbommel,"40.4995987456, -87.999049728",27,Costa Rica,1990-01-28,0,0,0,Sun
erinsnyder@yahoo.gh,"P.O. Box 590, 9454 Eu St.",02 14 36 25 53,Erin Snyder,United Kingdom,Durham,Stockton-on-Tees,"-51.2855141376, 175.356883456",4,Turkey,1984-04-26,0,0,0,Thu
griffithpage6791@icloud.org,"P.O. Box 380, 551 Diam Rd.",05 53 16 78 51,Griffith Page,Mexico,Guanajuato,Celaya,"54.2171006976, -88.4852840448",93,Turkey,1989-11-22,0,0,0,Wed
ottopeters527@google.edu,Ap #888-4371 Natoque Ave,08 13 42 16 33,Otto Peters,Netherlands,Limburg,Meldert,"-56.3607937024, -123.6405110784",27,France,1967-06-23,0,0,0,Fri
merrilllevine4043@outlook.ca,"7963 Tortor, Rd.",08 21 23 66 97,Merrill Levine,Mexico,Querétaro,San Juan del Río,"-55.1706461184, 130.452397056",76,South Korea,1998-08-18,0,0,0,Tue
alfonsofrye1004@protonmail.edu,Ap #133-4389 Vestibulum Rd.,06 60 26 56 71,Alfonso Frye,Poland,Swiętokrzyskie,Starachowice,"-15.8897599488, -145.1180357632",31,Belgium,1976-12-28,0,0,0,Tue
grayhewitt@icloud.couk,468-4382 Enim St.,03 35 78 12 74,Gray Hewitt,Russian Federation,Ulyanovsk Oblast,Ulyanovsk,"-53.8625923072, -127.0781254656",14,Nigeria,1944-10-07,0,0,0,Sat
francisstanton@icloud.couk,"Ap #597-3018 Ac, Road",03 77 43 71 32,Francis Stanton,South Africa,Eastern Cape,Alice,"-62.84939264, 26.8804221952",5,France,1983-05-18,0,0,0,Wed
morganleon@hotmail.couk,914-4817 Est Rd.,(99) 08 83 85 93 11,Morgan Leon,Australia,New South Wales,Armidale,"-8.21919488, 179.2950336512",8,Sweden,1998-07-02,0,0,0,Thu
alicemejia@yahoo.net,Ap #669-1842 Sociis Rd.,07 32 21 42 79,Alice Mejia,Norway,Trøndelag,Steinkjer,"-70.9198902272, -32.1235705856",99,Australia,1986-12-28,0,0,0,Sun
constancepatel@outlook.ci,"837-2148 Sed, Avenue",05 36 27 53 16,Constance Patel,Germany,Sachsen,Görlitz,"4.1621654528, -125.5626673152",41,Ukraine,1964-08-13,0,0,0,Thu
chesterwooten@hotmail.ci,Ap #277-1513 Facilisis Avenue,03 42 50 53 63,Chester Wooten,Costa Rica,Alajuela,San José de Alajuela,"-88.2659705856, -174.2643587072",50,Australia,1971-07-17,0,0,0,Sat
avyeluna4741@outlook.com,Ap #803-7976 Amet Road,01 25 38 15 06,Avye Luna,Canada,Ontario,Owen Sound,"-85.049350144, 28.2199969792",14,China,1986-10-19,0,0,0,Sun
minervaowen415@outlook.org,8516 Ac Ave,08 38 72 62 66,Minerva Owen,Austria,Salzburg,Wals-Siezenheim,"3.011436032, 167.4474722304",36,Sweden,1979-06-27,0,0,0,Wed
eaganbridges4663@icloud.ca,"669-1663 Amet, Avenue",07 57 15 73 14,Eagan Bridges,Poland,Dolnośląskie,Wałbrzych,"-63.7099512832, -150.2405071872",45,Italy,1956-08-03,0,0,0,Fri
carsonbriggs@icloud.ca,103-2566 Convallis St.,08 57 73 38 85,Carson Briggs,Poland,Lubuskie,Zielona Góra,"73.9414182912, 146.6352973824",9,Costa Rica,1950-03-24,0,0,0,Fri
codysmall8476@icloud.com,"P.O. Box 286, 254 Lorem Street",06 61 37 11 82,Cody Small,India,Punjab,Pak Pattan,"-36.0860409856, -158.3662503936",82,Belgium,1974-03-15,0,0,0,Fri
charlottegross@hotmail.sa,Ap #239-3318 Urna. Avenue,08 92 14 39 12,Charlotte Gross,Vietnam,Đồng Tháp,Cao Lãnh,"-87.985998848, -90.8132801536",36,Spain,1978-12-20,0,0,0,Wed
xandraallison9354@yahoo.gh,"Ap #847-1301 Nec, St.",09 36 58 88 17,Xandra Allison,Philippines,Zamboanga Peninsula,Pagadian,"43.473225216, 85.9502416896",87,Peru,1964-09-13,0,0,0,Sun
noelhickman1885@hotmail.gh,Ap #744-3344 Nulla. Street,04 70 27 64 68,Noel Hickman,Singapore,West Region,Bukit Batok,"-56.8463475712, -170.3152693248",62,Mexico,1964-08-20,0,0,0,Thu
karenmcneil@hotmail.gh,Ap #694-5886 At Rd.,03 10 03 43 33,Karen Mcneil,India,Uttar Pradesh,Faizabad,"9.256402944, -74.8623094784",25,India,1947-04-26,0,0,0,Sat
leoestrada9884@yahoo.com,384-2723 Ipsum Rd.,(99) 04 69 68 98 51,Leo Estrada,Australia,Tasmania,Devonport,"-63.9025593344, -13.0602079232",96,Vietnam,1991-02-06,0,0,0,Wed
britannijuarez2041@google.edu,7829 Fringilla Av.,06 14 89 36 83,Britanni Juarez,Colombia,Huila,Neiva,"81.7922102272, -65.4595093504",73,Mexico,1955-06-26,0,0,0,Sun
illianaroman@hotmail.org,Ap #372-545 Cras Rd.,03 64 31 74 71,Illiana Roman,Indonesia,Jambi,Sungai Penuh,"-33.222464, -138.42498304",28,Costa Rica,1955-06-01,0,0,0,Wed
adelemaynard@protonmail.ca,376-7440 Erat Road,06 81 72 12 52,Adele Maynard,Italy,Emilia-Romagna,Sant'Agata sul Santerno,"-72.1615434752, -58.6507564032",92,New Zealand,1982-11-22,0,0,0,Mon
piperharrison9913@protonmail.edu,313-1601 Malesuada. Road,07 23 71 84 85,Piper Harrison,Ukraine,Mykolaiv oblast,Mykolaiv,"-24.5280060416, 123.8361665536",43,Ukraine,1950-06-28,0,0,0,Wed
carlydominguez@icloud.couk,"P.O. Box 177, 7984 Ligula. Road",08 33 05 46 22,Carly Dominguez,France,Aquitaine,Saint-Médard-en-Jalles,"50.3934558208, 92.8678979584",75,Australia,1971-09-04,0,0,0,Sat
thaneberg@outlook.sa,929-7953 Tincidunt. Street,02 78 21 28 81,Thane Berg,South Korea,Gyeonggi,Hanam,"-68.1257892864, 109.9201902592",72,Ukraine,1969-07-12,0,0,0,Sat
davidsargent@hotmail.net,Ap #700-1258 Arcu. St.,02 48 52 19 88,David Sargent,Mexico,Baja California,Mexicali,"-26.9350962176, 8.9475089408",13,Singapore,1958-04-12,0,0,0,Sat
dalehodges6781@protonmail.sa,Ap #717-3310 Pellentesque Road,07 55 62 09 08,Dale Hodges,United States,Georgia,Atlanta,"-61.950553088, 116.920600064",18,Brazil,1956-04-08,0,0,0,Sun
walkersalazar7537@yahoo.net,Ap #130-8775 Ac St.,03 85 85 06 68,Walker Salazar,Brazil,São Paulo,Campinas,"40.0057621504, -169.5681668096",9,Turkey,1951-06-12,0,0,0,Tue
laceycooper6148@icloud.gh,Ap #868-8825 Consectetuer St.,06 34 66 53 24,Lacey Cooper,Singapore,East Region,Paya Lebar,"-58.6465306624, -107.5002724352",91,United Kingdom,1964-09-16,0,0,0,Wed
ebonyrosario@yahoo.edu,598-8280 Phasellus Avenue,02 26 78 22 76,Ebony Rosario,Pakistan,Azad Kashmir,Neelum Valley,"67.8047203328, 32.5225897984",49,Costa Rica,1981-12-15,0,0,0,Tue
hamishmoody445@icloud.ci,Ap #880-8400 Ac Street,09 65 20 43 52,Hamish Moody,Pakistan,Sindh,Hyderabad,"26.998082048, -117.3836324864",39,Vietnam,1966-12-15,0,0,0,Thu
nathaniellane@yahoo.org,477-1825 Sodales Street,05 24 36 48 18,Nathaniel Lane,Belgium,Luik,Thisnes,"11.6661308416, -63.1314783232",90,Canada,1952-11-06,1,0,0,Thu
madelinewaller@hotmail.ca,1685 Hendrerit Rd.,02 75 28 82 18,Madeline Waller,South Africa,Free State,Bethlehem,"-4.1688239104, -49.2635767808",4,India,1975-04-10,0,0,0,Thu
castordavenport9954@hotmail.org,Ap #850-1456 Natoque Ave,02 61 23 14 35,Castor Davenport,United Kingdom,Devon,Plymouth,"-25.1523725312, -41.7603899392",69,Poland,1945-06-12,0,0,0,Tue
tatemcfadden@protonmail.com,Ap #641-9716 Aliquam Rd.,06 47 64 82 61,Tate Mcfadden,Canada,Prince Edward Island,Stratford,"15.7717464064, -24.5485809664",20,Colombia,1951-08-04,0,0,0,Sat
brennamclaughlin7928@hotmail.org,117-1220 Vulputate Rd.,08 81 30 14 48,Brenna Mclaughlin,Germany,Brandenburg,Panketal,"-80.4085287936, -80.8679518208",7,United States,1987-11-12,1,0,0,Thu
guyriggs@yahoo.ca,960-1034 Ullamcorper Ave,02 15 59 39 95,Guy Riggs,Norway,Troms og Finnmark,Hammerfest,"1.7510059008, -155.4724716544",8,Turkey,1964-08-08,0,0,0,Sat
lanisolomon3863@google.net,Ap #115-5963 Massa Av.,06 39 93 44 15,Lani Solomon,Chile,O'Higgins,San Vicente,"-16.05338624, -88.191366144",93,Italy,1976-06-27,0,0,0,Sun
beaugarza@yahoo.sa,Ap #376-7567 Augue Road,09 06 83 78 86,Beau Garza,Costa Rica,San José,Patalillo,"-51.4406679552, 59.8619640832",15,United States,1949-12-08,1,0,0,Thu
roganjimenez@outlook.ci,"P.O. Box 664, 8579 A Rd.",02 77 26 15 38,Rogan Jimenez,Russian Federation,Bryansk Oblast,Zhukovka,"45.2288966656, 94.112820224",45,Austria,1966-09-17,0,0,0,Sat
malcolmgordon8564@yahoo.sn,3330 Porttitor Street,08 28 85 07 59,Malcolm Gordon,Chile,Valparaíso,Isla de Pascua,"51.6429261824, -146.4610958336",33,Philippines,1973-12-23,0,0,0,Sun
danaschneider7347@icloud.edu,6179 Tellus St.,08 23 76 53 37,Dana Schneider,Turkey,Gaziantep,Nizip,"19.6631903232, 162.528641024",19,Colombia,1956-03-10,0,0,0,Sat
kelseychen3354@yahoo.ca,798-7883 Ac Rd.,03 34 21 17 87,Kelsey Chen,United States,Michigan,Lansing,"66.1223254016, 66.3892011008",95,South Africa,1989-08-19,0,0,0,Sat
laurelmorris7450@hotmail.com,6336 Cursus Av.,06 17 83 37 73,Laurel Morris,New Zealand,North Island,Dannevirke,"-86.4360347648, 175.7751983104",47,Brazil,1964-02-14,0,0,0,Fri
uriellestanton8695@protonmail.gh,Ap #653-8099 Enim Avenue,03 92 92 82 27,Urielle Stanton,Netherlands,Noord Brabant,Breda,"67.3108538368, -128.4320197632",97,Brazil,1953-11-20,0,0,0,Fri
nicholesantos@yahoo.ci,2269 Imperdiet Rd.,05 67 53 26 24,Nichole Santos,Austria,Tyrol,Rum,"-41.70851584, 133.0941324288",64,Belgium,2000-03-17,0,0,0,Fri
yvetteevans@hotmail.sa,Ap #849-9723 Cras Street,06 72 08 32 35,Yvette Evans,Netherlands,Overijssel,Oldenzaal,"-61.7509812224, -30.9148573696",53,New Zealand,1956-10-07,0,0,0,Sun
caldwellwalsh9464@protonmail.sa,720-9157 Convallis Ave,06 56 32 66 16,Caldwell Walsh,Germany,Hessen,Bensheim,"18.095895552, -140.0468900864",62,Italy,1972-10-10,0,0,0,Tue
jordanunderwood@icloud.ca,Ap #708-9389 Dui St.,07 71 47 46 44,Jordan Underwood,Colombia,Valle del Cauca,Cali,"11.9296950272, -145.8100498432",65,South Korea,1970-07-25,0,0,0,Sat
quontownsend9015@hotmail.couk,Ap #496-7269 Convallis Avenue,05 87 64 52 68,Quon Townsend,Belgium,Waals-Brabant,Rebecq,"15.6141068288, 111.1703648256",29,Peru,1949-10-28,0,0,0,Fri
fletcherhanson7781@icloud.couk,"Ap #552-7183 Adipiscing, St.",05 73 81 59 46,Fletcher Hanson,Ukraine,Mykolaiv oblast,Mykolaiv,"18.143250432, -72.3790410752",61,South Africa,1978-09-19,0,0,0,Tue
paulazamora9383@hotmail.couk,452-9620 At Rd.,04 69 36 72 58,Paula Zamora,Mexico,Sinaloa,Mazatlán,"-83.3375460352, -111.9577449472",21,United Kingdom,1965-08-20,0,0,0,Fri
chasebryan3766@outlook.couk,219-3917 Ultricies Ave,07 88 36 27 78,Chase Bryan,Belgium,Luik,TrognŽe,"-5.659175424, -36.0091009024",97,Vietnam,1994-05-06,0,0,0,Fri
hoytford6636@icloud.org,Ap #865-930 Tellus Av.,01 35 23 63 83,Hoyt Ford,South Africa,Western Cape,Simon's Town,"-13.8327100416, -11.4446355456",59,New Zealand,1963-11-23,0,0,0,Sat
justinalandry8350@yahoo.com,"P.O. Box 407, 7303 Tincidunt, Rd.",06 55 42 81 42,Justina Landry,Austria,Burgenland,Frauenkirchen,"27.292101632, -127.5344623616",92,South Africa,1994-09-24,0,0,0,Sat
ottoward@yahoo.ci,"P.O. Box 332, 5998 Dolor Rd.",08 37 72 50 66,Otto Ward,Chile,Tarapacá,Huara,"-14.5198278656, 7.4509759488",88,Singapore,1990-10-06,0,0,0,Sat
naydaflowers@yahoo.com,"365-4226 Elit, Rd.",07 17 24 11 73,Nayda Flowers,France,Picardie,Creil,"-40.6104114176, -146.468532224",97,Philippines,1980-03-20,0,0,0,Thu
wesleyterrell@yahoo.net,Ap #101-9310 Eros Avenue,07 78 72 31 84,Wesley Terrell,Germany,Berlin,Berlin,"44.713560064, -23.1417655296",61,Indonesia,1947-11-17,0,0,0,Mon
mageesnider7460@outlook.edu,"566-7591 Luctus, St.",08 90 88 86 50,Magee Snider,Norway,Innlandet,Moelv,"3.782458368, -150.3373002752",76,Ukraine,1979-08-11,0,0,0,Sat
declangarner5556@protonmail.gh,2507 Tempor Avenue,04 84 47 80 29,Declan Garner,United States,Utah,Sandy,"-59.147284992, -105.4742844416",89,Pakistan,1991-04-26,0,0,0,Fri
alfredaterry8554@yahoo.edu,"8052 Nec, St.",09 61 38 85 25,Alfreda Terry,Ukraine,Poltava oblast,Poltava,"-37.2224451584, -81.7184017408",17,Philippines,1977-12-14,0,0,0,Wed
zeniaharrison@google.ci,"P.O. Box 375, 7241 Condimentum. St.",01 12 76 60 73,Zenia Harrison,Peru,Loreto,Yurimaguas,"76.2381195264, -110.4005557248",39,Russian Federation,1945-04-05,0,0,0,Thu
hallmclaughlin@outlook.com,117-3105 Duis Rd.,01 37 48 21 25,Hall Mclaughlin,Italy,Valle d'Aosta,Issime,"58.137375232, -176.3457206272",62,Chile,1963-04-26,0,0,0,Fri
bevishogan7579@protonmail.ci,Ap #416-5500 In St.,08 35 97 18 63,Bevis Hogan,Ukraine,Chernivtsi oblast,Kitsman,"10.0325640192, 82.9812905984",36,Netherlands,1999-04-19,0,0,0,Mon
howardlarson@protonmail.ci,7313 Metus Road,01 62 15 48 75,Howard Larson,Russian Federation,Sverdlovsk Oblast,Yekaterinburg,"-18.37497344, 9.3521760256",12,Peru,1970-12-17,0,0,0,Thu
walkersandoval1864@protonmail.sa,Ap #887-2258 Cursus St.,06 48 67 74 75,Walker Sandoval,Nigeria,Sokoto,Sokoto,"-10.1518913536, 51.4153430016",8,Indonesia,1964-06-20,0,0,0,Sat
miraanderson742@icloud.sn,"P.O. Box 867, 7359 Et, Rd.",06 43 77 41 61,Mira Anderson,South Korea,North Chungcheong,Chungju,"-46.772801024, -26.4245305344",97,India,1978-04-28,0,0,0,Fri
lawrencewilliamson@hotmail.com,339-8002 Risus. Ave,04 52 84 16 44,Lawrence Williamson,Italy,Valle d'Aosta,Chatillon,"69.5499214848, 112.6235557888",62,Nigeria,1949-02-15,0,0,0,Tue
keithburks@hotmail.couk,389-6582 Ut St.,03 71 68 50 73,Keith Burks,United States,Virginia,Richmond,"-68.1572017152, -144.9981232128",42,Pakistan,1972-08-10,0,0,0,Thu
hedynieves@google.sa,Ap #496-2265 Adipiscing Ave,02 95 26 17 26,Hedy Nieves,Italy,Sicilia,Castiglione di Sicilia,"65.0600236032, 83.104340992",28,Norway,1961-07-14,0,0,0,Fri
xanthussalazar@yahoo.com,876-6158 Sollicitudin Rd.,05 92 18 57 11,Xanthus Salazar,Indonesia,West Sumatra,Pariaman,"-26.70651392, -153.1321644032",73,Spain,1963-07-27,0,0,0,Sat
gemmasanders5930@hotmail.org,521-7057 In Road,(99) 08 09 48 14 38,Gemma Sanders,Australia,South Australia,Port Lincoln,"67.5482724352, 160.9473040384",46,Vietnam,1953-11-10,0,0,0,Tue
fatimaalford8635@google.edu,"253-9032 Id, Ave",09 76 58 52 27,Fatima Alford,Germany,Mecklenburg-Vorpommern,Neubrandenburg,"-52.1724596224, -161.8720953344",12,United Kingdom,1971-06-12,0,0,0,Sat
mikaylasalinas@google.sa,148-7059 Phasellus St.,07 25 78 72 53,Mikayla Salinas,Germany,Schleswig-Holstein,Henstedt-Ulzburg,"-30.6014618624, -128.8352647168",78,Australia,1951-04-20,0,0,0,Fri
linusdecker5295@google.couk,298-8248 Ut Street,06 86 04 91 81,Linus Decker,Ireland,Leinster,Dublin,"12.6457460736, 121.687397376",10,Colombia,1953-09-13,0,0,0,Sun
katelynroach9513@google.gh,Ap #981-9482 Luctus St.,02 72 02 13 31,Katelyn Roach,Canada,New Brunswick,Edmundston,"69.2644783104, -47.0715487232",50,China,1993-12-03,0,0,0,Fri
carlybird1948@hotmail.sn,455-9122 Ipsum. Road,02 47 13 38 32,Carly Bird,Indonesia,East Nusa Tenggara,Kupang,"86.7695963136, -48.9940035584",89,Spain,1999-04-24,0,0,0,Sat
chasefrost@icloud.com,4474 Sit Avenue,06 38 37 79 64,Chase Frost,Pakistan,Sindh,Tharparkar,"64.4619904, 131.2696849408",92,Belgium,1964-06-26,0,0,0,Fri
libertyduncan@google.sa,384 Sagittis. St.,08 49 28 49 12,Liberty Duncan,Turkey,Adana,Pozantı,"-63.008799232, 159.6052568064",62,Belgium,1967-11-02,0,0,0,Thu
glennafernandez@protonmail.sa,902-2110 Mattis Avenue,05 18 24 18 88,Glenna Fernandez,United Kingdom,Montgomeryshire,Welshpool,"45.0606198784, 119.4284633088",49,Russian Federation,1964-02-06,0,0,0,Thu
warrenfranco303@hotmail.couk,7552 Risus. Avenue,04 73 92 73 78,Warren Franco,Ireland,Munster,Cork,"34.5117827072, -134.1453292544",89,Indonesia,1997-05-14,0,0,0,Wed
samuelmaldonado7344@google.com,112-3706 Sed Ave,03 69 46 36 24,Samuel Maldonado,South Korea,North Chungcheong,Chungju,"33.719192064, -132.661942784",12,Sweden,1980-10-14,0,0,0,Tue
aspensuarez@hotmail.ca,"P.O. Box 446, 1468 Erat Rd.",04 55 14 87 25,Aspen Suarez,Philippines,Southwestern Tagalog Region,Puerto Princesa,"52.3551592448, -21.908171264",35,Brazil,1964-12-25,0,0,0,Fri
jordancameron8900@google.couk,"P.O. Box 222, 9382 Ut Road",07 28 37 24 67,Jordan Cameron,Brazil,Pernambuco,Paulista,"-19.7401389056, -158.1622648832",72,Belgium,1964-11-22,0,0,0,Sun
ebonymcguire@google.ca,Ap #614-9487 Ipsum. Avenue,09 77 97 66 21,Ebony Mcguire,New Zealand,North Island,Auckland,"-52.920190976, -120.62640384",71,Brazil,1983-12-12,0,0,0,Mon
arielrollins@protonmail.couk,"Ap #216-3612 Auctor, Road",07 34 78 22 98,Ariel Rollins,Chile,Biobío,Coelemu,"23.363923456, -167.2796985344",14,Vietnam,1960-08-16,0,0,0,Tue
cynthiasandoval@outlook.com,278-9005 A Ave,01 35 22 63 31,Cynthia Sandoval,Nigeria,Benue,Gboko,"11.5758180352, -48.4278729728",95,Pakistan,1963-10-08,0,0,0,Tue
jarrodwoods5294@hotmail.ci,8789 Quisque St.,08 33 68 66 63,Jarrod Woods,France,Bretagne,Lanester,"37.6829223936, -38.7328771072",15,China,1954-08-01,0,0,0,Sun
damonwatkins8090@protonmail.edu,322-1121 Phasellus Rd.,01 67 32 28 86,Damon Watkins,South Africa,KwaZulu-Natal,Ladysmith,"3.4724139008, 179.0341064704",85,Italy,1947-10-12,0,0,0,Sun
jaelwheeler@hotmail.ca,226-1194 Dapibus St.,01 47 23 12 65,Jael Wheeler,Ukraine,Kyiv oblast,Brovary,"-85.5407204352, -72.5014524928",29,Netherlands,1997-10-12,0,0,0,Sun
vaughandunn@protonmail.sa,"6941 Eget, Rd.",03 14 40 75 77,Vaughan Dunn,Italy,Toscana,Grosseto,"-66.8136245248, -101.3349999616",46,Ukraine,1964-07-26,0,0,0,Sun
tatyanarollins8327@yahoo.sa,9545 Pellentesque Avenue,05 52 95 70 45,Tatyana Rollins,Brazil,Pará,Abaetetuba,"-38.6031381504, -129.6044097536",6,China,1962-12-17,0,0,0,Mon
nomlangabuckley@protonmail.com,2019 Eu St.,03 83 89 82 16,Nomlanga Buckley,Vietnam,Phú Yên,Tuy Hòa,"-11.0447336448, 130.877919232",6,Indonesia,1945-04-24,0,0,0,Tue
ursulabarnes9982@hotmail.com,392-6111 Suscipit St.,02 42 75 65 71,Ursula Barnes,China,Zhōngnán,Guangxi,"-51.7320526848, 83.7382356992",75,China,1964-11-29,0,1,0,Sun
tanishashelton@hotmail.edu,Ap #590-7527 Risus. Av.,02 38 98 08 87,Tanisha Shelton,China,Dōngběi,Heilongjiang,"-55.745763328, -99.0688569344",87,Italy,1984-03-12,0,1,0,Mon
bradleybowman6170@protonmail.sa,Ap #857-8373 Iaculis St.,06 39 53 11 26,Bradley Bowman,Germany,Hamburg,Hamburg,"57.7842633728, 64.395687424",78,Indonesia,1991-06-18,0,0,0,Tue
yensmall@google.net,Ap #346-6960 Penatibus St.,05 24 96 83 40,Yen Small,Indonesia,North Sumatra,Gunungsitoli,"31.4281903104, 33.7266792448",37,Australia,1980-10-03,0,0,0,Fri
yeoalexander8798@google.ca,Ap #586-7686 Odio. Avenue,02 11 16 05 83,Yeo Alexander,China,Zhōngnán,Henan,"-70.7453843456, -54.4715952128",55,Belgium,1946-06-26,0,1,0,Wed
jocelynbuckner@icloud.couk,"7124 Eu, Ave",04 11 16 38 92,Jocelyn Buckner,Russian Federation,Ivanovo Oblast,Ivanovo,"3.448221696, 72.510728192",75,United States,1984-05-13,1,0,0,Sun
medgerogers@icloud.net,640-7840 Ut Ave,07 18 63 80 73,Medge Rogers,China,Dōngběi,Liaoning,"51.7473401856, 179.6625358848",26,Philippines,1997-06-12,0,1,0,Thu
carterpage@icloud.ca,190-5127 Pellentesque St.,04 21 11 18 65,Carter Page,South Korea,South Gyeongsang,Geoje,"-50.7346004992, 4.8197996544",74,Austria,1979-04-11,0,0,0,Wed
chelseacooper@hotmail.ca,5789 Fringilla Ave,05 58 16 19 38,Chelsea Cooper,United Kingdom,Denbighshire,Llangollen,"11.6864521216, 45.5358281728",75,Vietnam,1972-09-09,0,0,0,Sat
beaucollier@yahoo.couk,663-5108 Erat Avenue,01 84 35 53 32,Beau Collier,Spain,Comunitat Valenciana,Elx,"-0.4921035776, -3.9820017664",66,Brazil,1967-01-29,0,0,0,Sun
flynnpowell@hotmail.sa,Ap #674-6331 Massa St.,06 47 78 41 43,Flynn Powell,Spain,Galicia,A Coruña,"-38.4765737984, -117.309055488",16,Singapore,1997-06-22,0,0,0,Sun
shoshanasimpson@yahoo.org,243-8262 Ornare Rd.,03 02 89 03 90,Shoshana Simpson,Turkey,Istanbul,Istanbul,"-6.2556179456, -163.2704695296",90,Sweden,1983-04-26,0,0,0,Tue
delilahshepherd@outlook.couk,Ap #111-1534 Non Street,07 28 33 28 71,Delilah Shepherd,Netherlands,Flevoland,Lelystad,"-45.9212795904, -175.9448768512",96,Belgium,1950-11-04,0,0,0,Sat
michaelbush@icloud.gh,"381-3969 A, St.",05 37 98 20 63,Michael Bush,Turkey,Adana,Ceyhan,"-55.9472741376, 32.8060189696",68,South Africa,1980-10-22,0,0,0,Wed
indigolamb872@outlook.sa,Ap #557-2081 Vel Rd.,05 67 00 18 14,Indigo Lamb,Canada,Alberta,Morinville,"16.3112680448, -81.6720941056",24,Pakistan,1953-07-13,0,0,0,Mon
cassadymitchell@outlook.com,4996 Quisque St.,06 61 60 73 14,Cassady Mitchell,Nigeria,Lagos,Lagos,"75.7889103872, -118.2095207424",36,Chile,1968-07-20,0,0,0,Sat
barretthorton8878@outlook.sa,Ap #546-6363 Lorem Av.,07 81 56 05 83,Barrett Horton,Vietnam,Lai Châu,Mường Tè,"49.9574094848, 120.1319886848",13,Singapore,1948-12-20,0,0,0,Mon
zeldaleach@outlook.org,8419 Conubia Av.,08 12 12 27 26,Zelda Leach,Brazil,Minas Gerais,Contagem,"-24.2681484288, -160.4305805312",40,Vietnam,1977-05-23,0,0,0,Mon
rothblankenship@hotmail.ca,"P.O. Box 155, 7105 Aliquam Ave",(99) 06 76 19 85 32,Roth Blankenship,Australia,Northern Territory,Palmerston,"-68.3869892608, 93.805896704",40,Colombia,1978-12-07,0,0,0,Thu
leighstout@hotmail.ci,128-3339 Mi St.,02 24 70 36 40,Leigh Stout,South Korea,South Gyeongsang,Sacheon,"-53.4755458048, -154.0037346304",81,Austria,1948-02-19,0,0,0,Thu
hardinghogan4840@yahoo.org,"P.O. Box 683, 1731 Iaculis Av.",07 14 57 69 26,Harding Hogan,Italy,Abruzzo,Cerchio,"-6.0092996608, -121.6252913664",53,South Korea,1959-08-05,0,0,0,Wed
jordankinney@yahoo.sn,1715 Lorem Road,01 86 68 16 31,Jordan Kinney,South Africa,KwaZulu-Natal,Pinetown,"-25.3045182464, -96.5266336768",95,New Zealand,1953-03-25,0,0,0,Wed
idolapotter@google.net,9762 Non Road,05 73 17 08 64,Idola Potter,Spain,Euskadi,Bilbo,"22.2672480256, 131.7233050624",1,United Kingdom,1979-09-19,0,0,0,Wed
ericmerrill@protonmail.edu,Ap #267-5027 Blandit Rd.,02 86 66 92 20,Eric Merrill,Philippines,Bangsamoro,Cotabato City,"-33.9710558208, 164.1197519872",93,Norway,1968-11-04,0,0,0,Mon
meghanestrada1416@outlook.couk,325-6326 Et Rd.,08 05 54 57 58,Meghan Estrada,China,Dōngběi,Jilin,"81.6825604096, 145.0568233984",34,Sweden,1961-08-05,0,1,0,Sat
abelharrington@yahoo.gh,"P.O. Box 633, 3299 Non, St.",07 13 61 34 82,Abel Harrington,Sweden,Stockholms län,Täby,"62.6393607168, 44.8628268032",95,Chile,1990-06-06,0,0,0,Wed
winifredbanks828@yahoo.net,405-4446 Tortor Av.,08 05 37 81 20,Winifred Banks,Spain,Illes Balears,Palma de Mallorca,"3.30661632, -9.36801024",75,Costa Rica,1973-09-08,0,0,0,Sat
brendanmcconnell@icloud.edu,117-2444 Integer Road,01 54 85 57 44,Brendan Mcconnell,Turkey,Antalya,Serik,"-14.534577664, 19.9067377664",57,South Africa,1971-12-15,0,0,0,Wed
olegschwartz@outlook.net,"869-8890 Ut, Road",03 34 71 70 76,Oleg Schwartz,China,Huádōng,Fujian,"50.1948408832, -159.4652961792",44,France,1951-07-14,0,1,0,Sat
victorschwartz9899@yahoo.couk,"197-1273 Sed, St.",04 47 31 66 64,Victor Schwartz,Brazil,Santa Catarina,Chapecó,"-48.9900337152, 151.8647376896",58,South Korea,1952-02-13,0,0,0,Wed
theodorebenjamin3130@hotmail.gh,Ap #522-2899 Pellentesque. Rd.,09 75 56 68 67,Theodore Benjamin,Turkey,Ankara,Ankara,"10.7002624, 35.3660627968",63,South Korea,1967-01-23,0,0,0,Mon
claytonrandolph@google.couk,162-8855 Arcu. Ave,07 22 42 89 98,Clayton Randolph,Spain,Aragón,Zaragoza,"-13.918122496, 39.0764565504",18,Chile,1961-09-19,0,0,0,Tue
macaulaybray@hotmail.gh,5618 Consequat Av.,08 47 57 76 53,Macaulay Bray,Norway,Trøndelag,Verdalsøra,"40.6440347648, 51.4262520832",5,Canada,1958-04-24,1,0,0,Thu
actonfrank9861@outlook.net,488-898 Mollis. Av.,06 67 82 86 63,Acton Frank,Turkey,Diyarbakır,Silvan,"-56.0144768, 83.355167744",20,Singapore,1957-11-12,0,0,0,Tue
noelaniadams7174@icloud.couk,626-6524 Ut Road,08 06 20 66 41,Noelani Adams,Canada,Nova Scotia,Pugwash,"-3.7545614336, 164.8767926272",79,Philippines,1945-06-02,0,0,0,Sat
dorisenglish@google.ci,422-1228 Semper Avenue,06 36 91 58 31,Doris English,Poland,Kujawsko-pomorskie,Toruń,"9.564834816, -133.3833986048",95,China,1989-07-30,0,0,0,Sun
cathleenwong@outlook.org,"P.O. Box 214, 5686 Odio Rd.",07 42 37 63 75,Cathleen Wong,United States,Illinois,Chicago,"72.4058952704, -97.5677351936",88,Ukraine,1950-10-27,0,0,0,Fri
adarabush7387@protonmail.net,824-8810 Interdum Rd.,02 33 68 86 15,Adara Bush,Pakistan,Punjab,Chiniot,"61.9981673472, 172.2237008896",8,Norway,1986-09-18,0,0,0,Thu
jannagregory@protonmail.org,"Ap #832-4881 Vulputate, Street",04 54 26 12 82,Janna Gregory,South Korea,South Gyeongsang,Changwon,"-48.8970036224, -149.4357151744",3,China,1984-03-03,0,0,0,Sat
iolawaters1976@protonmail.ca,Ap #998-4869 Arcu Av.,03 72 55 15 73,Iola Waters,Nigeria,Katsina,Funtua,"35.60365568, -52.3543600128",57,Singapore,1954-04-06,0,0,0,Tue
hedyholt2603@google.ca,865-5712 Nulla. Rd.,03 72 86 71 25,Hedy Holt,Vietnam,Vĩnh Long,Vĩnh Long,"-11.8743640064, 42.1506638848",63,South Korea,1955-11-10,0,0,0,Thu
marsdenswanson2894@google.com,1031 Hendrerit Avenue,04 17 67 54 49,Marsden Swanson,China,Zhōngnán,Macau,"76.4632339456, -108.0410028032",36,Italy,1961-07-08,0,1,0,Sat
robinwoodward5099@google.net,Ap #325-8268 Vitae St.,05 29 61 31 19,Robin Woodward,Italy,Emilia-Romagna,Palanzano,"-65.7834078208, -86.5473178624",70,Poland,1994-12-24,0,0,0,Sat
silasrose@outlook.edu,396-4315 Convallis Street,02 53 60 78 18,Silas Rose,Pakistan,Punjab,Hafizabad,"11.4450274304, -147.1626904576",89,Turkey,1974-05-03,0,0,0,Fri
demetriagilliam510@protonmail.sn,Ap #767-1434 Eleifend Rd.,09 61 26 35 33,Demetria Gilliam,Colombia,Meta,Villavicencio,"-8.1023849472, 59.7180127232",86,Colombia,1983-01-28,0,0,0,Fri
arethahumphrey@hotmail.ci,323-4999 In Road,07 49 75 34 73,Aretha Humphrey,Norway,Rogaland,Åkrehamn,"44.2612419584, -59.01519616",34,Colombia,1992-07-14,0,0,0,Tue
giacomoherring@icloud.edu,725-3087 Neque Av.,08 58 36 58 49,Giacomo Herring,Ireland,Munster,Cork,"-50.1579347968, 20.6453651456",61,Ukraine,2000-04-05,0,0,0,Wed
ivorydaniel@yahoo.couk,Ap #907-2293 Vitae St.,05 31 88 20 71,Ivory Daniel,Singapore,North Region,Simpang,"58.6114681856, 87.517299712",2,Mexico,1954-02-19,0,0,0,Fri
beckfaulkner@protonmail.net,Ap #648-392 Euismod Avenue,04 57 96 85 72,Beck Faulkner,Sweden,Jönköpings län,Jönköping,"61.1640157184, 153.3589920768",85,Ireland,1978-08-29,0,0,0,Tue
nasimwoods@yahoo.sn,"P.O. Box 611, 2721 Interdum Avenue",09 81 70 17 36,Nasim Woods,Austria,Styria,Graz,"65.2907159552, -164.4850202624",73,Indonesia,1997-11-11,0,0,0,Tue
zacharyrosa@google.sn,"Ap #379-245 Et, Rd.",05 15 26 27 63,Zachary Rosa,China,Xīběi,Ningxia,"-37.360948224, -55.9047416832",57,Peru,1967-01-27,0,1,0,Fri
nellebates@protonmail.gh,150 Phasellus Rd.,08 61 55 03 02,Nelle Bates,Turkey,Kahramanmaraş,Göksun,"89.6888815616, -29.5231950848",16,United States,1976-03-12,1,0,0,Fri
ferrislawson7156@icloud.couk,"Ap #232-5817 At, St.",05 08 49 44 84,Ferris Lawson,New Zealand,North Island,Huntly,"-79.02919424, -80.8428898304",78,Poland,1953-02-08,0,0,0,Sun
joanbecker5900@yahoo.gh,Ap #245-2913 Metus Avenue,08 18 41 77 27,Joan Becker,United States,Indiana,South Bend,"-0.013667328, -65.6995730432",3,India,1950-05-16,0,0,0,Tue
driscollhall@icloud.sn,759-8317 Orci St.,05 94 83 26 23,Driscoll Hall,Norway,Innlandet,Brummunddal,"8.974577664, 27.9046857728",62,Norway,1956-04-09,0,0,0,Mon
nataliefox2667@hotmail.ci,Ap #467-6784 Eu Rd.,04 74 27 93 77,Natalie Fox,Spain,Melilla,Melilla,"18.717948928, -142.9063118848",22,New Zealand,1945-04-17,0,0,0,Tue
charitycoleman@outlook.edu,Ap #936-9172 Consectetuer Rd.,07 76 69 76 87,Charity Coleman,Costa Rica,Guanacaste,Cañas,"-87.9505668096, -47.1176887296",16,Chile,1963-10-17,0,0,0,Thu
ursulacochran@yahoo.couk,Ap #280-4883 Facilisis Ave,03 73 12 58 33,Ursula Cochran,United States,Oregon,Eugene,"-78.7704850432, -109.8279457792",19,Turkey,1984-12-15,0,0,0,Sat
huntercampos915@yahoo.ca,883-4696 Odio Ave,04 66 88 17 42,Hunter Campos,Ireland,Ulster,Belfast,"-11.3243869184, 18.3569880064",46,Spain,1983-02-03,0,0,0,Thu
zahirphillips@icloud.org,Ap #795-3212 Tempor St.,03 75 71 16 81,Zahir Phillips,Mexico,Hidalgo,Pachuca,"20.5020010496, 133.3862890496",64,Sweden,1970-12-24,0,0,0,Thu
ciaranfreeman@hotmail.sa,Ap #547-3464 Nec Rd.,09 48 57 69 10,Ciaran Freeman,United Kingdom,Denbighshire,Wrexham,"-77.0084670464, -35.9478378496",101,Costa Rica,1947-06-12,0,0,0,Thu
maggybailey@protonmail.org,Ap #298-9193 Luctus Road,08 96 82 59 26,Maggy Bailey,Italy,Valle d'Aosta,Morgex,"-7.0658610176, -21.6360546304",86,Pakistan,1957-02-13,0,0,0,Wed
robinchristian@outlook.ca,Ap #523-4777 Ut St.,08 34 57 69 55,Robin Christian,United States,Alabama,Montgomery,"-31.0790490112, -170.3003963392",88,Brazil,1994-04-22,0,0,0,Fri
masonpatrick@yahoo.net,799-2494 Dolor. Rd.,08 46 14 22 41,Mason Patrick,South Africa,Western Cape,Simon's Town,"8.9176122368, 131.0812429312",79,Ireland,1986-05-28,0,0,0,Wed
jessicastafford1157@outlook.edu,Ap #265-7844 Lectus. Rd.,06 04 46 37 28,Jessica Stafford,Russian Federation,Murmansk Oblast,Murmansk,"-10.8164878336, 14.5642299392",95,South Korea,1945-02-19,0,0,0,Mon
sheilahines@hotmail.couk,"P.O. Box 764, 6040 Vestibulum Av.",08 86 25 81 67,Sheila Hines,Pakistan,Punjab,Hafizabad,"-22.9693083648, 88.4690131968",18,Chile,1946-04-06,0,0,0,Sat
yvettebuck4911@hotmail.ci,"P.O. Box 303, 5215 Tristique Ave",06 62 24 13 70,Yvette Buck,Brazil,Santa Catarina,Itajaí,"81.416610816, 10.634327552",11,China,1945-04-23,0,0,0,Mon
martenawall7075@protonmail.sa,8680 Duis Rd.,01 88 47 58 77,Martena Wall,United States,California,Los Angeles,"-80.9170646016, 169.3079616512",58,Singapore,1977-04-05,0,0,0,Tue
caesarbridges4738@google.sa,"P.O. Box 705, 3436 Molestie. Road",08 22 59 58 49,Caesar Bridges,China,Xīběi,Shaanxi,"34.7789146112, 85.8364746752",98,United States,1981-04-11,1,1,1,Sat
leahelliott1551@yahoo.sn,"5475 Congue, Street",08 07 25 55 76,Leah Elliott,Mexico,Nuevo León,Monterrey,"-10.6308927488, -175.9915004928",27,Belgium,1980-03-23,0,0,0,Sun
penelopemoses3011@icloud.ci,337-9064 Nec St.,01 55 01 27 51,Penelope Moses,Sweden,Östergötlands län,Mjölby,"81.4080585728, 118.6544099328",64,Pakistan,1992-05-28,0,0,0,Thu
wadehaynes@protonmail.couk,Ap #593-1839 Aliquam Avenue,05 57 42 45 17,Wade Haynes,Turkey,Gaziantep,İslahiye,"-88.1313769472, -116.8352232448",80,Mexico,1973-12-16,0,0,0,Sun
xanderandrews@protonmail.sn,Ap #387-8835 Dolor Rd.,02 94 28 57 84,Xander Andrews,Spain,Ceuta,Ceuta,"-18.5214193664, -3.7884720128",11,Spain,1950-05-13,0,0,0,Sat
natalieaguirre@yahoo.sa,"Ap #895-6272 Vel, St.",09 15 24 46 60,Natalie Aguirre,Germany,Sachsen,Görlitz,"34.5287346176, 70.2105112576",67,Netherlands,1983-07-24,0,0,0,Sun
kelseyparker6248@yahoo.edu,752-5595 Dolor Road,04 55 64 45 60,Kelsey Parker,Vietnam,Bình Định,Quy Nhơn,"69.6675872768, 6.3764836352",87,New Zealand,1974-06-16,0,0,0,Sun
emmanuelcompton@icloud.gh,"P.O. Box 509, 4239 Nec St.",07 63 86 38 71,Emmanuel Compton,Costa Rica,Puntarenas,Puntarenas,"-75.0981950464, -85.8312109056",39,Netherlands,1988-06-09,0,0,0,Thu
daniellemonroe7841@icloud.ca,640-5053 Interdum Rd.,02 68 65 58 35,Danielle Monroe,Germany,Berlin,Berlin,"48.3344058368, -27.342571008",86,Indonesia,1964-11-23,0,0,0,Mon
zahirsampson4385@protonmail.sn,"P.O. Box 353, 3028 Lobortis St.",06 87 74 40 51,Zahir Sampson,Costa Rica,Alajuela,Quesada,"55.141376512, -160.0030943232",38,Indonesia,1967-03-14,0,0,0,Tue
orlandoblankenship@google.couk,"P.O. Box 894, 1580 Duis Street",04 20 45 36 83,Orlando Blankenship,Sweden,Västra Götalands län,Vänersborg,"-65.8737470464, -3.8894898176",72,China,1993-10-27,0,0,0,Wed
kamekomorrow@google.couk,"P.O. Box 208, 5289 Vel, Rd.",02 41 66 11 44,Kameko Morrow,Sweden,Gävleborgs län,Sandviken,"10.226400768, -11.3257234432",37,South Africa,1998-02-03,0,0,0,Tue
gailstewart@hotmail.ci,Ap #226-1923 Volutpat. Av.,01 47 40 03 13,Gail Stewart,Germany,Sachsen-Anhalt,Weißenfels,"-34.0231890944, 101.5819408384",73,Indonesia,1996-08-03,0,0,0,Sat
myrashields@protonmail.ci,9420 Erat. Av.,02 25 25 38 26,Myra Shields,Austria,Vorarlberg,Götzis,"20.8155329536, 103.881988096",40,Italy,1949-01-30,0,0,0,Sun
rajahhunt3525@icloud.gh,"Ap #730-1685 Ut, Road",05 66 26 03 54,Rajah Hunt,Vietnam,Bình Thuận,Phan Thiết,"-86.7611257856, 159.8355551232",33,Australia,1947-11-23,0,0,0,Sun
ryderfrye@google.ci,7287 Nulla. Rd.,02 32 51 00 39,Ryder Frye,France,Centre,Dreux,"-25.3393074176, 32.1357494272",82,Sweden,1993-03-09,0,0,0,Tue
quineverett5453@hotmail.couk,"P.O. Box 442, 3650 Mollis. Street",01 67 09 87 68,Quin Everett,Germany,Sachsen,Grimma,"-39.198778368, 144.2346189824",25,United Kingdom,1947-11-19,0,0,0,Wed
yoshishepherd1476@hotmail.gh,"6386 Scelerisque, Rd.",04 42 48 36 85,Yoshi Shepherd,Sweden,Östergötlands län,Norrköping,"-17.031860224, 135.0634881024",80,Philippines,1984-12-28,0,0,0,Fri
maxwellcastro7813@protonmail.net,4317 Phasellus St.,09 01 66 57 76,Maxwell Castro,Poland,łódzkie,Łódź,"85.1290761216, 124.0243043328",54,Nigeria,1967-05-25,0,0,0,Thu
gannonstone@hotmail.sn,Ap #111-2101 Mollis Av.,08 41 46 64 55,Gannon Stone,Spain,Cantabria,Santander,"0.2574411776, 41.413383168",26,South Korea,1983-03-23,0,0,0,Wed
mannixnewton3530@icloud.edu,556-4641 Odio. Ave,07 67 30 43 47,Mannix Newton,Brazil,Pará,Marabá,"69.9265406976, 141.9824382976",78,Ukraine,1946-07-31,0,0,0,Wed
jackstafford4175@icloud.sn,"822-9896 Enim, St.",04 51 25 23 12,Jack Stafford,Italy,Molise,San Pietro Avellana,"85.3757857792, 131.93330176",61,India,1971-12-27,0,0,0,Mon
amethystjones@outlook.com,"P.O. Box 600, 6510 Velit Rd.",05 00 75 57 49,Amethyst Jones,New Zealand,North Island,Dannevirke,"15.2930909184, -171.860877312",5,Spain,1961-03-16,0,0,0,Thu
micahschultz@yahoo.org,5686 Sit Ave,02 53 71 62 28,Micah Schultz,Peru,La Libertad,Pacasmayo,"10.6254985216, -119.4594683904",95,Brazil,1948-10-03,0,0,0,Sun
solomonbailey@outlook.edu,7181 Molestie Street,08 50 03 91 83,Solomon Bailey,Vietnam,Hà Tĩnh,Hà Tĩnh,"-36.423692288, 22.6238951424",68,Vietnam,1948-06-01,0,0,0,Tue
emisalas@yahoo.edu,"P.O. Box 313, 5227 Suspendisse St.",05 52 14 68 88,Emi Salas,Mexico,Guanajuato,León,"-58.279145984, -3.6221944832",38,Costa Rica,1973-01-23,0,0,0,Tue
vedaschmidt7557@protonmail.sa,"P.O. Box 436, 914 Sit St.",02 85 09 89 96,Veda Schmidt,Austria,Vorarlberg,Lustenau,"-49.0398055424, -141.0708320256",89,Austria,1998-05-05,0,0,0,Tue
dolanhopper@yahoo.org,141-6637 Aliquam Av.,08 38 85 77 57,Dolan Hopper,Spain,Canarias,Telde,"85.5106011136, 111.109722112",91,Russian Federation,1960-09-25,0,0,0,Sun
margaretgraham8920@yahoo.sa,816-7000 Mollis Avenue,08 13 27 63 42,Margaret Graham,Brazil,Rio de Janeiro,Petrópolis,"3.2665592832, -35.184223232",38,South Africa,1989-12-20,0,0,0,Wed
maconyang5034@icloud.sa,"Ap #522-8891 Eget, Av.",06 18 46 55 36,Macon Yang,South Korea,South Chungcheong,Nonsan,"47.3626212352, 33.4890402816",63,Mexico,1984-02-18,0,0,0,Sat
eaganhaley@protonmail.couk,193-8614 Arcu St.,03 57 46 50 90,Eagan Haley,Sweden,Östergötlands län,Finspång,"-23.0480923648, 12.0863450112",67,Sweden,1951-01-20,0,0,0,Sat
keeganthomas@outlook.couk,Ap #599-3745 Eu Avenue,02 20 16 76 22,Keegan Thomas,South Korea,South Jeolla,Gwangyang,"42.4324913152, 26.0653059072",101,Belgium,1955-05-30,0,0,0,Mon
basilsears@google.edu,Ap #439-8840 Mauris Avenue,(99) 02 45 05 87 53,Basil Sears,Australia,New South Wales,Grafton,"-5.4555414528, 47.4069625856",97,Indonesia,1968-12-24,0,0,0,Tue
jeromehughes@hotmail.com,8930 A Rd.,07 65 82 96 56,Jerome Hughes,Belgium,Vlaams-Brabant,Essene,"15.5353398272, -29.9041687552",100,Norway,1971-03-21,0,0,0,Sun
duncanglover@google.com,286-2178 Gravida. St.,07 28 37 46 11,Duncan Glover,United Kingdom,Buckinghamshire,High Wycombe,"-52.1092103168, 130.346840064",100,Mexico,1985-09-22,0,0,0,Sun
briannaholloway6009@icloud.sa,Ap #664-1103 At Road,01 53 53 47 12,Brianna Holloway,Poland,Swiętokrzyskie,Starachowice,"-71.548870656, 40.2325494784",50,Australia,1954-10-15,0,0,0,Fri
berthafreeman@icloud.sa,Ap #117-4828 Massa. Street,07 40 09 27 98,Bertha Freeman,Ireland,Connacht,Galway,"0.0737506304, -167.1668493312",5,Spain,1952-03-06,0,0,0,Thu
ignatiusmorrow424@yahoo.net,Ap #531-4099 Libero Avenue,08 71 58 36 70,Ignatius Morrow,Russian Federation,Saint Petersburg City,Saint Petersburg,"67.0279599104, -173.4923247616",43,Singapore,1979-10-10,0,0,0,Wed
soniaengland@icloud.couk,466-3095 Libero. St.,02 43 80 03 08,Sonia England,Indonesia,North Sumatra,Tebing Tinggi,"-89.8679525376, 148.3980814336",63,Indonesia,1998-02-17,0,0,0,Tue
joshuamontgomery7757@hotmail.sa,Ap #201-263 Libero Rd.,02 72 87 85 55,Joshua Montgomery,United Kingdom,Brecknockshire,Talgarth,"89.2547341312, -126.97825536",59,Vietnam,1964-02-21,0,0,0,Fri
umadeleon@hotmail.org,Ap #146-6913 Eleifend. Av.,02 87 25 86 81,Uma Deleon,New Zealand,North Island,Tauranga,"-9.0517547008, 160.7424535552",102,Poland,1957-06-21,0,0,0,Fri
rooneymoore4711@yahoo.sa,Ap #282-9088 Volutpat Avenue,04 71 87 61 16,Rooney Moore,Ukraine,Kirovohrad oblast,Kropyvnytskyi,"-83.1270961152, -127.0586070016",73,Colombia,1977-11-26,0,0,0,Sat
alanabrennan@hotmail.sa,847-5460 Risus Av.,03 32 58 82 68,Alana Brennan,United States,Utah,West Jordan,"-89.4444521472, 32.3788882944",64,Netherlands,1989-10-19,0,0,0,Thu
guybarton420@outlook.sa,Ap #166-8860 Amet Avenue,03 27 43 61 26,Guy Barton,Sweden,Västra Götalands län,Uddevalla,"82.9901300736, -101.3913056256",4,Austria,1999-03-03,0,0,0,Wed
theodorefulton6764@protonmail.ca,904-7718 Integer Ave,04 16 18 67 42,Theodore Fulton,Mexico,Jalisco,Tonalá,"-83.1438921728, -122.3458061312",85,Belgium,1984-03-10,0,0,0,Sat
dennisberry@hotmail.com,"P.O. Box 752, 7511 Sem Avenue",07 73 28 51 08,Dennis Berry,United States,Wisconsin,Madison,"-50.8931117056, 134.2351949824",28,Germany,1989-02-28,0,0,0,Tue
alexandramays59@protonmail.edu,"P.O. Box 992, 627 Integer Rd.",04 88 99 43 51,Alexandra Mays,Chile,Coquimbo,Salamanca,"9.4430112768, -22.9173747712",13,Chile,1986-10-21,0,0,0,Tue
brockkline@protonmail.couk,825-7065 Massa. Rd.,04 06 13 84 64,Brock Kline,Italy,Trentino-Alto Adige,Lagundo/Algund,"6.1120551936, 64.5745593344",16,Poland,1996-08-19,0,0,0,Mon
pandorasexton@google.couk,Ap #704-6259 Mi. St.,02 45 89 55 21,Pandora Sexton,Vietnam,Bình Phước,Đồng Xoài,"40.8204235776, 12.1923188736",43,Germany,1949-06-11,0,0,0,Sat
reneewells@protonmail.org,Ap #632-7267 Integer Road,05 91 11 32 87,Renee Wells,Vietnam,Thừa Thiên–Huế,Huế,"-78.6973033472, 114.394174976",65,Costa Rica,1963-09-21,0,0,0,Sat
charissafletcher4397@protonmail.ca,200-3431 Auctor Rd.,09 60 55 98 57,Charissa Fletcher,Germany,Brandenburg,Strausberg,"-39.2852739072, 108.3542202368",77,France,1974-12-24,0,0,0,Tue
ameliahernandez@hotmail.edu,Ap #918-7867 Natoque Rd.,08 65 21 33 41,Amelia Hernandez,New Zealand,North Island,Palmerston North,"73.977865728, 86.5668411392",10,Costa Rica,1958-01-17,0,0,0,Fri
kuamegriffin8798@icloud.couk,"P.O. Box 497, 7789 Gravida Avenue",04 29 73 26 71,Kuame Griffin,Peru,Cajamarca,Jaén,"-5.3879831552, 34.9609300992",57,Mexico,1984-09-04,0,0,0,Tue
tamekahkeller@outlook.couk,Ap #393-9856 Nec St.,07 16 15 81 66,Tamekah Keller,Italy,Liguria,Calice al Cornoviglio,"85.654372864, -116.5969434624",102,Canada,1950-02-25,1,0,0,Sat
charitysosa@protonmail.ci,681-7499 Magna. Road,03 79 88 11 71,Charity Sosa,United Kingdom,Aberdeenshire,Turriff,"60.065281536, 85.553209344",76,United States,1964-06-10,1,0,0,Wed
prescottgilbert@google.sn,"7844 Lectus, Ave",04 63 86 41 89,Prescott Gilbert,Belgium,Brussels Hoofdstedelijk Gewest,Etterbeek,"69.4861981696, -12.0658566144",56,Turkey,1984-10-12,0,0,0,Fri
kirkburton@hotmail.ci,"Ap #250-8904 Quam, Av.",06 13 47 94 75,Kirk Burton,Indonesia,North Sumatra,Medan,"3.7240448, 38.9724289024",3,Indonesia,1985-01-04,0,0,0,Fri
anikasnider@google.com,4296 Egestas Street,02 00 53 77 99,Anika Snider,Nigeria,Borno,Maiduguri,"76.9318260736, 120.9160696832",92,Vietnam,1946-04-05,0,0,0,Fri
thorpowell8379@yahoo.couk,"Ap #716-4452 Nec, St.",08 04 71 57 79,Thor Powell,Belgium,Brussels Hoofdstedelijk Gewest,Elsene,"14.1304280064, 95.2023057408",33,Turkey,1948-07-16,0,0,0,Fri
wandashannon6394@hotmail.net,4666 Fusce Rd.,07 42 60 80 32,Wanda Shannon,Ukraine,Ternopil oblast,Ternopil,"-13.3720085504, -165.6019172352",41,South Africa,1948-10-13,0,0,0,Wed
vincentcallahan@protonmail.net,109-6023 Dis St.,02 30 32 74 50,Vincent Callahan,Singapore,Central Region,Novena,"25.9103055872, 1.9773753344",98,Ukraine,1974-08-29,0,0,0,Thu
ilianamcneil5695@google.sn,Ap #979-9572 Ornare. Street,07 44 73 41 32,Iliana Mcneil,Indonesia,Gorontalo,Gorontalo,"35.9259922432, 126.979375616",40,France,1951-11-03,0,0,0,Sat
olympiatrujillo6901@google.net,"P.O. Box 746, 9141 Lorem Road",08 79 10 65 30,Olympia Trujillo,South Africa,Northern Cape,Kuruman,"83.5798349824, 97.5423251456",37,South Africa,1999-04-18,0,0,0,Sun
haleeodom@google.gh,Ap #747-9791 Ipsum Rd.,03 26 88 97 40,Halee Odom,New Zealand,South Island,Blenheim,"27.1345263616, 161.8215136256",20,Indonesia,1952-11-16,0,0,0,Sun
camdenmerrill2584@protonmail.gh,372-3759 Consequat Ave,01 76 43 35 83,Camden Merrill,South Korea,Jeju,Jeju,"62.1728873472, -95.1673468928",20,Norway,1957-08-25,0,0,0,Sun
devinvillarreal7271@icloud.gh,"P.O. Box 626, 9551 Dictum. Rd.",06 17 04 21 33,Devin Villarreal,Costa Rica,Limón,Guápiles,"75.3846872064, 159.105726976",21,Australia,1980-06-13,0,0,0,Fri
kelsiekline4056@icloud.ca,106-6583 Rutrum Avenue,04 87 98 09 33,Kelsie Kline,Philippines,National Capital Region,Las Piñas,"-45.2498499584, 24.128438784",78,Philippines,1993-11-22,0,0,0,Mon
daquanhorn8385@yahoo.sa,2569 Tortor. Avenue,02 27 17 58 13,Daquan Horn,Italy,Puglia,Erchie,"89.8136254464, 152.6150969344",28,Vietnam,1993-08-14,0,0,0,Sat
cadealvarado8320@protonmail.sn,414-2267 Semper St.,06 82 17 61 31,Cade Alvarado,Spain,Andalucía,Cádiz,"-82.3210479616, 41.0723654656",95,Canada,1955-09-17,1,0,0,Sat
brandenadkins2557@google.sa,Ap #650-6307 In Rd.,04 32 60 83 78,Branden Adkins,Colombia,Boyacá,Duitama,"-66.8110002176, -173.0379843584",71,China,1992-03-24,0,0,0,Tue
palmermcgowan@icloud.ca,"Ap #753-1135 Dui, Av.",06 63 64 40 58,Palmer Mcgowan,Nigeria,Anambra,Awka,"-5.8793522176, -67.9855768576",94,China,1968-05-06,0,0,0,Mon
jacksoncannon@yahoo.edu,"P.O. Box 506, 6988 Morbi St.",03 55 45 87 76,Jackson Cannon,Ireland,Ulster,Belfast,"-29.1797709824, 116.7158254592",39,Indonesia,1979-10-28,0,0,0,Sun
felixrose@icloud.gh,365-9761 Sed Rd.,07 67 19 23 34,Felix Rose,Singapore,West Region,Boon Lay,"-15.7401204736, 107.45247744",11,Sweden,1973-05-28,0,0,0,Mon
jacksonruiz1707@hotmail.ci,"P.O. Box 451, 5508 Nunc St.",02 91 83 57 52,Jackson Ruiz,Turkey,Aydın,Kuşadası,"85.1819879424, 18.617265152",19,France,1949-06-25,0,0,0,Sat
nitahansen@outlook.sa,Ap #968-1052 Arcu. Street,01 56 17 55 85,Nita Hansen,China,Huáběi,Shanxi,"-26.1734207488, 165.945058816",4,Germany,1945-04-20,0,1,0,Fri
clarkoneal@hotmail.sn,6132 Tincidunt St.,04 80 70 31 07,Clark Oneal,Germany,Saarland,Sulzbach,"-74.91878144, 19.8370354176",53,New Zealand,1966-02-15,0,0,0,Tue
basilwalter@protonmail.sa,261-1217 Vulputate Ave,09 66 44 53 09,Basil Walter,Germany,Brandenburg,Werder,"-18.336417792, -176.5908516864",93,Sweden,1955-03-04,0,0,0,Fri
xaviercantu2986@protonmail.gh,"P.O. Box 156, 1603 Sed Street",04 36 77 91 78,Xavier Cantu,India,Madhya Pradesh,Ratlam,"5.3796717568, -51.73458176",23,Italy,1963-01-08,0,0,0,Tue
isabellecampbell6336@protonmail.com,619-5634 Ipsum Road,05 86 62 76 41,Isabelle Campbell,Russian Federation,Sverdlovsk Oblast,Yekaterinburg,"-73.3149906944, -121.7005606912",22,South Africa,1980-10-09,0,0,0,Thu
kirbylove2137@icloud.org,6035 Semper Rd.,03 06 55 13 68,Kirby Love,Pakistan,FATA,North Waziristan,"47.65946368, 176.6712323072",6,Belgium,1988-09-22,0,0,0,Thu
cassidyfowler3135@protonmail.sn,8406 Tempus Rd.,08 12 46 11 12,Cassidy Fowler,Peru,Junín,Huancayo,"-89.5664854016, -154.8382219264",17,Belgium,1965-09-23,0,0,0,Thu
jenetteduncan7961@hotmail.ci,Ap #705-7910 Pellentesque Road,05 45 49 95 82,Jenette Duncan,Brazil,Goiás,Goiânia,"-61.3505910784, 91.0491932672",49,Belgium,1987-10-17,0,0,0,Sat
lindaberger5710@hotmail.sn,"P.O. Box 511, 2910 Risus. Ave",06 54 42 35 77,Linda Berger,Poland,Podlaskie,Łomża,"-81.2063478784, 154.9841795072",53,Vietnam,1984-03-09,0,0,0,Fri
larafitzgerald@hotmail.com,376-280 Et Av.,02 19 34 60 90,Lara Fitzgerald,Mexico,San Luis Potosí,San Luis Potosí,"72.0278447104, -114.0592904192",22,India,1957-10-20,0,0,0,Sun
rafaelberger71@outlook.sa,"P.O. Box 491, 7886 Pharetra Rd.",02 74 86 72 34,Rafael Berger,Poland,Lubelskie,Biała Podlaska,"85.1289409536, -80.7762665472",19,Pakistan,1964-01-22,0,0,0,Wed
salvadorbennett@yahoo.couk,Ap #563-1268 Dui St.,02 57 76 59 64,Salvador Bennett,Mexico,Yucatán,Mérida,"44.0485883904, -13.8908576768",88,Poland,1998-08-25,0,0,0,Tue
vannadejesus5608@yahoo.net,"551-6257 Ut, Rd.",04 59 36 51 36,Vanna Dejesus,Philippines,Bicol Region,Tabaco,"42.0450609152, 70.7321445376",50,Colombia,1987-07-16,0,0,0,Thu
uriahsloan@icloud.sa,168-3975 Eleifend. St.,02 81 63 93 46,Uriah Sloan,Germany,Sachsen-Anhalt,Quedlinburg,"50.7581395968, -176.3355672576",52,Pakistan,1982-03-22,0,0,0,Mon
