email,address,phone,name,geo_location,lucky_number,birth_date
abdulnorman6888@yahoo.org,"P.O. Box 716, 9118 Lorem Rd.",07 06 40 09 07,Abdul Norman,"28.7523642368, 99.0582249472",7,08/04/1951
abdulwarren2462@protonmail.sa,Ap #750-1963 Amet St.,01 92 49 13 39,Abdul Warren,"-88.2964107264, 99.628276224",36,08/28/1947
abrahamrivera@yahoo.gh,Ap #385-9529 In St.,03 11 68 21 79,Abraham Rivera,"-78.9474571264, -36.8758105088",57,06/06/1990
adenagrant387@yahoo.net,"P.O. Box 740, 2259 Vehicula St.",07 19 38 73 13,Adena Grant,"-55.9591215104, 5.72224512",18,11/13/1949
aileenewing2363@protonmail.gh,Ap #912-4929 Feugiat. Ave,03 51 70 56 24,Aileen Ewing,"1.9110982656, 47.403639296",61,07/26/1953
aimeejohnston@aol.sn,"909-7461 Aliquet, Avenue",04 21 06 01 42,Aimee Johnston,"19.342408704, 164.5948822528",98,07/28/1964
aladdindavid3808@aol.sn,837-3775 Nulla. St.,02 88 40 77 00,Aladdin David,"-50.5875117056, -114.7234281472",36,08/16/1972
alanayala1619@icloud.ca,"P.O. Box 251, 2397 Imperdiet Street",04 22 30 34 92,Alan Ayala,"-76.9390797824, 112.7797501952",5,12/17/1966
aldenchristensen@yahoo.gh,"P.O. Box 829, 1685 Non Road",08 17 16 92 65,Alden Christensen,"-56.3281676288, -168.0445304832",50,02/11/1945
aldenschmidt@protonmail.com,966-4078 Turpis. Road,03 82 41 62 60,Alden Schmidt,"35.1630552064, 48.5094176768",29,10/26/1991
alexishurst3609@aol.ca,809-1238 Dui Av.,07 82 95 22 20,Alexis Hurst,"-28.5345444864, -141.0790214656",40,04/10/1992
alikaclayton@google.gh,Ap #279-6291 Euismod Ave,04 71 73 29 64,Alika Clayton,"81.0825444352, 145.5202531328",66,08/23/1971
alinejacobs80@aol.com,"Ap #843-3945 Ac, Ave",06 93 23 35 91,Aline Jacobs,"-8.3472828416, 173.7448731648",98,03/16/1970
allegrahuff7290@google.sn,Ap #871-4458 Tellus. Avenue,08 06 22 41 86,Allegra Huff,"67.3977409536, 171.3159053312",20,01/05/1945
altheamorin@icloud.sa,"Ap #202-6640 Augue, Road",08 05 71 33 49,Althea Morin,"6.935259648, 8.7812031488",59,07/21/1973
amallawrence@yahoo.gh,400-404 Egestas Avenue,06 83 34 11 76,Amal Lawrence,"86.688195072, -142.3731931136",76,06/18/1946
amelacurtis5321@yahoo.ca,"P.O. Box 779, 9091 Faucibus. Ave",05 95 98 38 45,Amela Curtis,"6.5279526912, -39.03776256",78,07/27/1956
amelasnyder@yahoo.sa,"240-2966 Sed, Road",02 90 36 05 17,Amela Snyder,"-48.2155370496, 67.356684288",10,10/17/1999
amenamcclain@protonmail.edu,653-1832 Dictum. St.,07 35 02 44 73,Amena Mcclain,"43.4905522176, 126.4980544512",56,10/04/1969
amydillard1384@icloud.edu,"P.O. Box 946, 2271 Libero Av.",05 23 68 60 31,Amy Dillard,"-17.794721792, -174.4635995136",70,01/17/1991
anastasiaholland4890@protonmail.couk,6595 Magna. Street,06 97 31 23 39,Anastasia Holland,"18.1785392128, -169.019133952",45,12/03/1952
angelicatrujillo@outlook.edu,"P.O. Box 366, 5186 In Rd.",05 48 18 04 68,Angelica Trujillo,"-73.908476416, -165.9774979072",56,03/14/1957
anthonyhopper9929@aol.net,357-5810 Sit St.,05 98 85 24 19,Anthony Hopper,"-33.8719277056, -147.4891592704",34,01/09/1955
ardengillespie9843@icloud.edu,"Ap #572-8650 At, St.",06 14 21 21 85,Arden Gillespie,"-12.7798526976, -15.3451538432",80,05/11/1981
aristotlegilbert@outlook.com,"P.O. Box 418, 9939 Luctus Ave",02 74 78 35 15,Aristotle Gilbert,"-51.2292709376, -119.3884215296",55,07/13/1983
aristotlepierce7702@hotmail.sn,"P.O. Box 646, 977 Consequat St.",01 66 39 44 87,Aristotle Pierce,"56.5193096192, 131.410962944",50,06/18/1980
ashtontodd@outlook.ci,Ap #451-7666 Magna Road,02 89 77 13 85,Ashton Todd,"-49.5599799296, 16.7487176704",27,03/28/1969
aspenmorris9472@protonmail.ci,Ap #549-4942 Dolor Street,08 38 17 68 34,Aspen Morris,"-36.5033218048, -115.1185200128",82,05/15/1959
audreyjoyce@outlook.net,Ap #380-8798 Eros Rd.,07 85 90 53 84,Audrey Joyce,"0.3398629376, -50.643026944",86,03/09/1993
avramweaver2764@hotmail.ci,8799 At St.,08 59 41 48 82,Avram Weaver,"-85.7535678464, -100.224569856",28,04/05/1981
azaliawooten@outlook.ci,Ap #242-6958 Sem Av.,03 42 12 83 89,Azalia Wooten,"-47.6405325824, 92.1004213248",41,03/29/1973
basilellis6811@outlook.sn,"P.O. Box 650, 5355 Nec Road",03 22 41 56 47,Basil Ellis,"65.061891584, 117.974829568",56,08/01/1973
baxterpotter@icloud.couk,243-2563 Imperdiet Street,04 43 11 55 67,Baxter Potter,"41.1720188928, 56.7183161344",82,01/13/1992
beckmcfarland@aol.couk,"P.O. Box 813, 6952 Magna Road",05 73 41 86 92,Beck Mcfarland,"-70.8557669376, -11.2855800832",83,10/27/1969
berthamorton@google.ci,Ap #551-8144 Luctus Ave,02 06 11 66 26,Bertha Morton,"68.80729856, -139.8018515968",67,07/11/1968
bertjustice@hotmail.couk,"P.O. Box 425, 4577 Elementum Rd.",04 17 08 14 98,Bert Justice,"5.4258238464, -148.971257344",59,02/13/1948
blazegarza@outlook.couk,Ap #178-9664 Faucibus Street,03 94 15 81 68,Blaze Garza,"76.1977490432, -126.7500485632",59,04/05/1962
bradleymartin@protonmail.com,"P.O. Box 364, 8418 Non Rd.",04 83 12 61 88,Bradley Martin,"50.20293888, -117.011854848",82,06/23/1946
bradysutton@outlook.sn,"P.O. Box 505, 472 Feugiat Rd.",08 38 56 98 91,Brady Sutton,"-68.2321882112, 25.3930857472",46,11/12/1971
brandonodom5357@outlook.gh,Ap #247-3400 Sed Ave,05 35 72 82 54,Brandon Odom,"56.6131146752, -4.3211313152",68,02/06/1993
brandonross8874@outlook.net,"Ap #355-5649 Pede, Street",03 10 28 36 15,Brandon Ross,"-53.3472347136, -120.5694319616",2,10/30/1966
brendamcintyre2009@protonmail.com,"778-3368 Id, Avenue",06 76 97 48 32,Brenda Mcintyre,"-59.6109896704, -111.2344091648",78,11/18/1953
brendenbailey799@protonmail.org,341-9608 Vestibulum St.,06 85 25 40 22,Brenden Bailey,"-22.0085122048, 9.2161874944",51,06/20/1970
briancrane1647@protonmail.ci,Ap #767-520 Et Avenue,08 64 80 79 78,Brian Crane,"-57.640502784, 11.1073923072",69,10/28/1965
briannagood9357@hotmail.sa,"P.O. Box 747, 1629 Neque Rd.",05 45 33 16 73,Brianna Good,"33.8585747456, 174.4615667712",46,11/10/1951
briellebailey7605@yahoo.sn,"P.O. Box 380, 6841 Elit. Street",07 52 62 26 53,Brielle Bailey,"-6.1429214208, 24.2315080704",60,12/04/1955
britanniclarke@outlook.org,Ap #218-8844 Cum Road,02 36 17 65 58,Britanni Clarke,"80.903973376, 17.2624150528",56,04/15/1983
brockortega8332@aol.net,Ap #839-2492 Nullam Road,07 18 50 12 44,Brock Ortega,"-4.4957118464, 29.8430772224",96,07/05/1965
brynnhamilton@aol.edu,"873-1036 Luctus, Av.",07 57 82 24 18,Brynn Hamilton,"-8.864311296, -3.5132760064",6,09/27/1991
buckminstermoss6967@protonmail.sa,3099 Vestibulum Road,05 64 80 24 17,Buckminster Moss,"-0.6194213888, -137.1717067776",8,10/05/1989
byronrowe@outlook.gh,371-3571 Blandit Rd.,03 33 19 95 32,Byron Rowe,"65.8338770944, 129.8842817536",26,02/16/1996
cadegrant7794@protonmail.ca,6386 Dignissim Rd.,06 35 46 42 34,Cade Grant,"-71.039059456, -111.9381721088",54,02/17/2000
cainmarquez7359@icloud.couk,Ap #995-2534 Eu Rd.,07 55 43 78 52,Cain Marquez,"50.8022047744, -137.6669637632",79,03/31/1952
calistadotson4574@yahoo.ci,5669 Ac Rd.,06 45 96 87 08,Calista Dotson,"-48.7479310336, 117.9745082368",31,01/24/1956
callieavery6905@icloud.ci,Ap #236-3176 Pede Av.,08 33 18 69 62,Callie Avery,"79.2886944768, -77.4320687104",82,10/05/1966
cameronmarshall@google.gh,"Ap #653-7586 Nec, Rd.",05 42 41 52 27,Cameron Marshall,"47.120860672, -47.9638223872",28,10/01/1968
camillalindsey9226@yahoo.sa,Ap #525-9866 Id Street,08 44 56 43 38,Camilla Lindsey,"49.757801984, 177.378262528",72,07/10/1977
carsonmathis2967@icloud.org,"P.O. Box 306, 9599 Ullamcorper, St.",04 27 83 58 80,Carson Mathis,"66.4510456832, -33.9178756096",39,12/21/1990
cassadywood@google.sa,532-1098 Suspendisse St.,02 06 41 72 76,Cassady Wood,"-3.7933097984, 123.5435163648",83,08/19/2000
castoralbert1214@aol.ca,"P.O. Box 133, 7431 Nec Road",04 03 53 56 45,Castor Albert,"-48.9244556288, -77.6786837504",94,03/01/1963
catherinebean8216@outlook.couk,Ap #215-7147 Arcu. Avenue,08 38 38 36 19,Catherine Bean,"-33.5971668992, 159.9859892224",53,07/07/1971
chancellorkeller2291@hotmail.ci,"4064 Eu, Road",05 91 56 10 66,Chancellor Keller,"-16.4469295104, 166.4659531776",61,03/23/1995
chaneycleveland@protonmail.sa,Ap #669-3432 Risus. Road,03 33 37 50 78,Chaney Cleveland,"47.7416270848, -141.2349855744",67,03/22/1977
chantaleholder9106@yahoo.sn,8353 Enim St.,05 55 46 51 37,Chantale Holder,"71.7450401792, 177.6485578752",49,04/14/1995
chasebrooks4898@aol.gh,136-3476 Mattis Av.,06 74 25 13 63,Chase Brooks,"40.7488982016, -86.016085504",70,06/30/1980
chavahawkins@outlook.edu,Ap #498-4659 Dolor. Road,01 12 83 60 79,Chava Hawkins,"20.8888824832, 58.4661783552",63,08/17/1992
cherylclay745@protonmail.net,101-2918 Sollicitudin Ave,04 38 38 24 08,Cheryl Clay,"78.495758848, -19.0766642176",77,01/08/1990
christianware1446@yahoo.sa,Ap #690-6907 Arcu. Avenue,02 43 37 98 33,Christian Ware,"-39.237884928, -169.7015130112",42,04/23/1956
christopherweaver@icloud.com,"5129 Ante, Rd.",02 50 59 25 81,Christopher Weaver,"-44.1700611072, -152.048546304",75,11/16/1948
clarkesteele@yahoo.gh,459 Morbi St.,07 66 25 92 78,Clarke Steele,"60.29859072, -92.0548228096",25,12/16/1955
colbygardner@outlook.sa,"P.O. Box 958, 5290 Eu St.",08 77 77 06 05,Colby Gardner,"-2.8235042816, -153.4290817024",68,07/22/1950
coloradomann2144@google.sn,Ap #475-1915 Eu St.,02 87 81 10 01,Colorado Mann,"0.8872383488, -34.197763584",43,07/16/1962
coltonreyes@protonmail.com,Ap #304-3950 Nulla Ave,02 72 08 27 94,Colton Reyes,"30.0122225664, 141.204724736",82,07/24/1954
coltvazquez7832@aol.couk,"Ap #295-8438 Eget, Ave",03 20 14 28 62,Colt Vazquez,"3.5483254784, 132.611496448",8,01/21/1970
coopersmith6119@hotmail.net,Ap #606-7981 Molestie. Road,07 54 42 36 26,Cooper Smith,"52.783831552, 139.9829091328",33,04/24/1992
cullengarner@hotmail.net,276-8941 Mauris St.,07 31 70 94 84,Cullen Garner,"-5.663019008, 13.370592768",35,08/14/1965
curranmcfadden@outlook.net,577-748 Sed Ave,09 91 18 72 95,Curran Mcfadden,"71.4287332352, -60.3587833856",77,01/17/1991
cynthiacline@protonmail.sn,355-5557 Malesuada Road,02 18 87 93 16,Cynthia Cline,"-3.1315528704, 141.6498633728",46,07/11/1979
dahliaparrish5526@icloud.ca,360-7229 Sapien. Ave,05 45 22 96 72,Dahlia Parrish,"58.8742258688, 30.6440421376",58,12/20/1980
damianworkman3852@yahoo.sa,Ap #417-9210 Sem St.,02 84 43 90 62,Damian Workman,"26.0220177408, 5.057721344",102,06/14/1953
daphnewhitney9612@protonmail.ci,Ap #920-4574 Metus. Avenue,08 00 42 43 38,Daphne Whitney,"40.1710620672, -95.3271943168",92,10/23/1965
dawnvazquez8570@google.ci,"P.O. Box 138, 8323 Cubilia Av.",06 06 96 03 36,Dawn Vazquez,"18.9721244672, 71.9857577984",28,05/21/1991
declanlivingston5753@aol.net,792-9485 In Rd.,03 13 66 86 29,Declan Livingston,"84.215192064, 44.9389121536",6,09/01/1962
delilahpeck@outlook.gh,"P.O. Box 251, 374 Ipsum Avenue",06 38 58 53 61,Delilah Peck,"0.2049477632, -106.5674179584",4,12/18/1948
denisenorton@outlook.sn,Ap #652-255 Vehicula Ave,02 21 23 83 21,Denise Norton,"81.5856986112, -154.3422896128",2,08/18/1984
dentonobrien4647@outlook.sn,"P.O. Box 236, 4733 Amet, Road",03 46 72 43 48,Denton O'brien,"75.515853312, -57.6291162112",11,06/08/1977
devingilliam@icloud.ca,"P.O. Box 790, 7574 Aliquet. Rd.",04 34 31 11 16,Devin Gilliam,"62.7281983488, 171.2296735744",99,09/04/1976
dexterhuff62@outlook.couk,Ap #515-2229 Eu St.,07 83 55 18 52,Dexter Huff,"-20.242751488, -100.7038246912",8,07/20/1999
dieterwatson@hotmail.net,"455-2593 Lacus, Rd.",06 81 78 62 73,Dieter Watson,"65.3271704576, -73.5662020608",5,02/24/1993
dominiquereyes@protonmail.couk,"P.O. Box 372, 3688 Velit Ave",03 20 51 44 36,Dominique Reyes,"-86.0682559488, -26.0730528768",37,05/28/1970
drewyork2484@icloud.sn,"P.O. Box 910, 7157 Ullamcorper. Ave",02 38 80 42 32,Drew York,"16.7041287168, 64.2597492736",26,04/16/1966
eagansolis6133@google.couk,"468-4174 A, Street",08 59 96 22 48,Eagan Solis,"7.2410894336, 150.0140993536",48,10/28/1951
edwardeverett8937@aol.com,Ap #631-9603 Dolor Rd.,07 66 04 47 64,Edward Everett,"-30.5512704, 106.3113426944",56,02/06/1960
edwardmccarthy493@google.ci,799-7749 Amet Rd.,04 86 02 37 61,Edward Mccarthy,"-81.3265020928, 37.3782998016",94,12/10/1955
edwardrichards8795@outlook.ci,Ap #432-3938 Malesuada Rd.,03 84 81 37 11,Edward Richards,"4.0095822848, -75.7129097216",33,07/03/1960
eleanorsimmons1289@outlook.edu,869-4409 Nulla. Street,05 46 26 47 08,Eleanor Simmons,"56.2393854976, -73.7429372928",50,05/18/1967
ellabeach9953@aol.couk,268-7190 Est Street,02 20 78 73 55,Ella Beach,"-50.94098688, 176.3750649856",13,06/24/1997
eltonjohnston@icloud.net,Ap #277-622 Iaculis Avenue,02 24 62 18 02,Elton Johnston,"9.7730453504, 52.598556672",67,04/18/1950
emeraldrosario@google.com,6710 Morbi St.,01 35 82 47 45,Emerald Rosario,"29.3344771072, 150.4654201856",79,11/04/1983
emerytanner1003@hotmail.net,"P.O. Box 660, 2282 Eu Ave",08 86 50 68 06,Emery Tanner,"-17.2411700224, -157.796154368",62,01/26/1955
emmahester2834@aol.ca,159-483 Iaculis Rd.,03 65 82 27 75,Emma Hester,"-28.0093594624, 158.0597736448",35,09/18/1991
eugenialittle@protonmail.couk,281-3976 Vel Ave,05 47 03 58 51,Eugenia Little,"40.24864768, 132.8428910592",29,03/06/1959
evanfrancis@google.edu,Ap #331-6371 Integer Street,05 59 10 08 82,Evan Francis,"-77.1790340096, 106.0962266112",89,11/05/1950
evebauer@outlook.org,Ap #399-685 Integer Ave,03 46 42 49 84,Eve Bauer,"-41.8655833088, 96.9660672",63,07/12/1965
fallongarrett@icloud.gh,810-9019 Aliquam Ave,08 55 71 95 03,Fallon Garrett,"-14.9236995072, -30.070343168",52,07/29/1948
faysnider@google.net,"Ap #982-7777 At, Road",03 22 26 58 51,Fay Snider,"-80.1872478208, 138.38947584",43,10/13/1989
ferriscotton9816@outlook.net,"118-1210 Ut, Road",05 64 70 51 44,Ferris Cotton,"-59.1292050432, -46.2046108672",30,01/09/1948
finnrivera@aol.ca,Ap #880-8504 Sit St.,06 59 81 77 79,Finn Rivera,"-70.9772868608, 66.4556766208",19,09/10/1983
florencesuarez4445@yahoo.sa,Ap #822-7603 Torquent Av.,06 37 54 57 11,Florence Suarez,"-73.3027847168, 70.3278109696",10,04/01/1946
fultonmann4838@hotmail.org,468-1764 Nec Street,06 71 25 05 53,Fulton Mann,"-5.9045117952, 0.6226828288",60,04/04/1951
gannonnolan9647@yahoo.ca,Ap #728-1709 Cum Road,06 63 96 21 10,Gannon Nolan,"-21.5663312896, 109.33212672",94,08/31/1964
garethaguirre@outlook.gh,Ap #291-6166 Ultricies St.,02 52 62 94 57,Gareth Aguirre,"5.201750528, 113.5438291968",80,07/31/1995
garyblackwell7032@icloud.couk,"P.O. Box 393, 5983 Mauris Avenue",08 34 01 94 73,Gary Blackwell,"-58.8800379904, 155.2836987904",41,08/31/1965
gavinhobbs@hotmail.net,Ap #264-862 Faucibus Street,02 39 84 57 06,Gavin Hobbs,"70.054859776, 43.92892928",13,12/15/1946
gayle9308@google.couk,Ap #736-6846 Ornare St.,04 80 70 21 31,Gay Le,"-50.5925885952, -26.8395677696",70,01/15/1971
georgeodonnell2810@aol.sn,123-2652 Mauris Rd.,08 27 73 13 32,George O'donnell,"-84.3760657408, 1.6694079488",38,06/14/1972
giacomoalvarez@aol.ci,Ap #140-8084 Pede Avenue,06 57 79 85 13,Giacomo Alvarez,"-64.0268169216, -87.0389776384",59,08/26/1991
gilleach6929@hotmail.sa,"Ap #678-8414 Montes, St.",07 25 82 91 73,Gil Leach,"-42.043165184, -128.825742848",2,12/23/1963
gillianbradshaw@yahoo.org,1190 Libero. Ave,02 68 43 21 89,Gillian Bradshaw,"30.7268228096, -66.9463918592",29,09/15/1975
gisellenorris@aol.com,821-5152 Ullamcorper Road,06 75 38 31 57,Giselle Norris,"2.2854738944, -41.36747264",16,08/21/1955
gracefarley@outlook.sn,"P.O. Box 638, 565 Gravida Ave",05 86 54 70 21,Grace Farley,"82.7142398976, 110.0135665664",30,09/10/1967
graceterry@icloud.com,8823 Velit Ave,08 75 93 14 31,Grace Terry,"-82.08670208, -10.9497030656",29,07/01/2000
grahamsnider@google.com,Ap #801-8417 Egestas Rd.,05 55 33 55 68,Graham Snider,"75.6529354752, 104.2436322304",100,09/06/1951
graidensilva805@google.edu,"P.O. Box 984, 6664 In Av.",08 72 91 27 85,Graiden Silva,"61.5222623232, 73.717015552",26,12/04/1984
gregorygriffith6452@yahoo.net,Ap #136-4105 Mauris Rd.,02 46 05 37 61,Gregory Griffith,"17.4050572288, -174.8882956288",10,03/23/1960
griffincasey2078@protonmail.ci,Ap #451-8899 Donec Rd.,08 84 50 73 22,Griffin Casey,"27.9125552128, -58.7898077184",102,03/03/1975
hadleypugh2299@protonmail.ca,"P.O. Box 962, 8736 Est St.",07 46 86 13 93,Hadley Pugh,"66.820456448, 45.6261772288",34,01/29/1959
hallholman4082@protonmail.ci,Ap #280-9649 Lacus. St.,08 50 23 81 54,Hall Holman,"-65.693513216, -27.3444358144",83,11/20/1996
hamishwoods4997@yahoo.sa,"P.O. Box 200, 181 At, St.",09 86 47 62 57,Hamish Woods,"-89.8634413056, 124.8843877376",96,03/15/1998
hanaeriddle@aol.net,Ap #990-4106 Maecenas Ave,04 76 26 26 81,Hanae Riddle,"-55.0942185472, -50.8166383616",82,06/13/1969
hannahburgess1193@icloud.gh,305-2701 Adipiscing Ave,05 47 33 31 57,Hannah Burgess,"-69.2851704832, -61.3913778176",38,06/07/1976
hardingroach7624@aol.sa,"P.O. Box 958, 9593 Vel St.",06 31 25 70 06,Harding Roach,"-89.9770595328, 40.2232137728",63,05/21/1985
hashimclarke@google.gh,503-4257 Adipiscing Av.,05 31 52 72 59,Hashim Clarke,"77.5579172864, 66.5755697152",79,09/21/1950
hermanlittle@outlook.couk,"392-312 Ornare, Avenue",06 85 78 28 16,Herman Little,"-47.0635087872, -93.8958032896",30,09/20/1994
hermanscott@icloud.org,Ap #746-1523 Proin St.,07 65 69 77 28,Herman Scott,"-44.185615872, 31.621620736",69,10/17/1966
hilelcummings7735@icloud.edu,553-6119 Convallis Avenue,05 73 26 34 96,Hilel Cummings,"20.7630840832, -125.8250744832",64,08/02/1959
hiramrios8142@aol.sa,Ap #884-4197 Enim St.,01 13 29 99 65,Hiram Rios,"73.2516560896, -114.9376963584",88,11/12/1967
hirokocarver277@aol.ca,959-7246 Et Street,04 71 21 45 88,Hiroko Carver,"-56.6174345216, 141.3027592192",79,07/14/1953
holleepate@outlook.gh,"Ap #109-4342 Congue, Avenue",06 52 49 34 50,Hollee Pate,"-55.6016480256, -26.310331392",3,01/09/1977
imanidudley@hotmail.org,Ap #688-3307 Accumsan Rd.,04 24 81 29 60,Imani Dudley,"85.6038381568, 123.6622901248",25,09/24/1973
indigocrosby@aol.gh,837-3910 Aliquet Ave,02 15 84 73 21,Indigo Crosby,"11.9427999744, -126.8514430976",6,08/26/1974
inezpetersen8150@google.net,"Ap #221-9435 Eget, Rd.",07 85 92 14 88,Inez Petersen,"-42.6046408704, -140.3114062848",5,01/16/1958
inezpollard6607@protonmail.couk,"P.O. Box 981, 4337 Lorem Rd.",03 84 84 97 68,Inez Pollard,"-38.6477244416, -62.718685184",68,01/08/1956
inezthornton975@outlook.ci,Ap #234-4555 Ligula. St.,08 87 73 36 10,Inez Thornton,"-19.0708332544, -78.4436435968",48,09/15/1994
ingridgoodwin5254@hotmail.gh,"P.O. Box 309, 2933 A, St.",08 73 50 61 10,Ingrid Goodwin,"62.5496845312, -39.10632192",20,12/25/1959
ionafreeman2213@hotmail.edu,208-7917 Eget Street,09 17 73 68 81,Iona Freeman,"-48.5343582208, 133.4944149504",33,01/06/1955
irisdoyle4933@yahoo.com,Ap #905-2620 Non Street,05 43 87 97 02,Iris Doyle,"25.0994029568, -137.5596455936",10,08/07/1962
irisglenn7572@google.ci,3214 Erat Rd.,02 57 05 10 24,Iris Glenn,"42.0695307264, 138.9567039488",53,02/20/1994
isabellacohen7743@yahoo.com,Ap #265-4897 Luctus Av.,07 91 24 77 29,Isabella Cohen,"67.1531300864, 123.561117184",92,07/25/1962
isadoraruiz302@yahoo.sn,Ap #366-1258 In Av.,08 66 75 53 56,Isadora Ruiz,"6.5458727936, 172.393721344",8,04/28/1952
ivanahendricks@outlook.sa,"P.O. Box 826, 7504 Lobortis Rd.",07 63 73 91 45,Ivana Hendricks,"82.8901900288, 90.4456840192",94,07/08/1968
ivanbarker@outlook.couk,Ap #852-1029 Aliquet St.,06 19 64 84 24,Ivan Barker,"40.3644803072, -120.3104175104",48,07/21/1989
jackburt8399@yahoo.ca,744-4360 Mauris Ave,09 36 82 97 24,Jack Burt,"70.171470336, 110.7895366656",79,01/22/1977
jackrandall@icloud.sn,Ap #489-3913 In Street,07 86 17 16 36,Jack Randall,"-85.837112832, -96.5185496064",49,04/11/1990
jacobschroeder3232@outlook.sn,Ap #426-1823 Aliquam Street,07 54 08 05 62,Jacob Schroeder,"8.8045452288, -139.426516992",20,11/06/1981
jademedina4086@aol.gh,"Ap #653-9965 Ornare, St.",09 57 68 82 44,Jade Medina,"84.995795456, -160.5581804544",98,07/31/1992
jannamorin@hotmail.org,"P.O. Box 713, 5236 Duis Rd.",01 82 31 59 28,Janna Morin,"-79.309565952, -168.8970044416",47,10/11/1993
jarrodferrell@hotmail.couk,Ap #939-4048 Facilisis St.,01 66 06 37 76,Jarrod Ferrell,"-19.0036859904, -0.9401064448",75,12/24/1964
jarrodkemp@protonmail.ci,"P.O. Box 546, 1224 Vitae Av.",07 04 47 46 58,Jarrod Kemp,"60.4828836864, -43.7130924032",87,06/03/1971
jeanetterandolph@google.couk,458-7879 Morbi Rd.,07 40 35 46 61,Jeanette Randolph,"-65.6663733248, 72.6782906368",56,11/06/1950
jenettesolis7445@protonmail.ci,Ap #340-9516 Non Road,04 77 39 01 21,Jenette Solis,"-78.4333827072, -168.1517780992",4,09/18/1984
jesciewade@protonmail.sa,Ap #132-6798 Justo St.,04 54 11 36 27,Jescie Wade,"30.9641578496, 134.476302848",58,01/12/1957
joanmarshall814@yahoo.ci,"549-4421 Vel, St.",04 25 78 41 45,Joan Marshall,"-76.0281146368, 51.125346816",87,05/13/2000
joliehampton@hotmail.sn,Ap #227-679 Egestas Rd.,04 51 91 71 74,Jolie Hampton,"28.6161409024, 105.951204864",101,04/02/1997
jonasdurham@google.couk,Ap #493-2129 Ut Rd.,04 45 52 37 01,Jonas Durham,"83.6225321984, -21.824331264",4,06/20/1981
josephjoyner@google.net,4672 Aliquet Road,03 44 08 73 88,Joseph Joyner,"-66.5482115072, 10.4242441216",48,10/12/1986
josiahmercer@google.edu,"Ap #814-4390 Non, Rd.",05 01 75 28 57,Josiah Mercer,"15.8380465152, -70.805736448",13,08/01/1989
kadeemshields@google.net,"8801 Placerat, Av.",02 65 89 29 40,Kadeem Shields,"8.7480334336, -106.3686770688",98,06/03/1980
kaitlinwhitley@hotmail.couk,878-8925 At Rd.,07 16 26 83 17,Kaitlin Whitley,"-65.7825854464, -165.2897498112",48,02/01/1947
karleighdavidson5706@hotmail.couk,"P.O. Box 518, 4038 Et Street",03 24 65 43 99,Karleigh Davidson,"37.5803907072, 87.9702153216",65,05/20/1983
karynholland6357@hotmail.net,Ap #959-8408 In Rd.,01 14 43 61 52,Karyn Holland,"63.400066048, -26.3880088576",27,06/29/1945
kaseemwarren@hotmail.sn,244-7401 Dignissim Avenue,03 11 80 74 84,Kaseem Warren,"46.5387901952, 179.9216633856",31,03/24/1960
kayelarsen@outlook.sa,Ap #861-8061 Cras Av.,06 66 65 87 51,Kaye Larsen,"-88.4078508032, -60.3409301504",12,02/01/1945
keeliecarver45@protonmail.sn,"660-4316 Augue, St.",04 11 57 69 85,Keelie Carver,"-42.183056384, -51.48012544",79,10/28/1984
keeliegonzales4544@icloud.gh,8363 Dolor Avenue,08 74 34 23 84,Keelie Gonzales,"-14.6479520768, 126.8869277696",28,10/24/1945
keikoowens@hotmail.edu,690-1746 Nisi. St.,06 36 48 47 38,Keiko Owens,"49.752615424, 70.7044711424",90,11/18/1983
kellygonzales4143@yahoo.ci,Ap #889-2615 Dictum St.,02 65 24 85 60,Kelly Gonzales,"67.6805085184, -146.1873447936",56,11/22/1959
kelsiewall3195@protonmail.couk,345-3936 Ornare Rd.,04 47 18 02 57,Kelsie Wall,"-74.2267554816, 94.9676260352",11,04/07/1965
kennethcollins@aol.org,Ap #237-9931 Euismod St.,04 43 01 53 76,Kenneth Collins,"-48.1173869568, -18.59168512",43,07/20/1968
kermitfinch@aol.edu,"186-8565 At, Ave",08 74 33 92 68,Kermit Finch,"-1.7402993664, -117.5155714048",60,08/12/1952
kevynbolton@yahoo.ca,"P.O. Box 182, 6272 Convallis Rd.",07 67 52 62 18,Kevyn Bolton,"-30.2276217856, -149.4499802112",10,12/26/1965
kiayadahendrix@icloud.com,647-8625 Eleifend Street,03 47 72 81 35,Kiayada Hendrix,"74.3505820672, -36.863187456",10,10/01/1995
kimhoward@icloud.gh,719-6082 Ipsum St.,08 65 58 09 76,Kim Howard,"-45.5844907008, 87.934472192",76,09/22/1992
kirestinevans7410@yahoo.sa,"P.O. Box 640, 1164 Vivamus Rd.",07 24 47 30 63,Kirestin Evans,"-6.6853445632, 124.655154176",57,07/01/1985
kirestinmeyers551@google.edu,955-7530 Aliquam Avenue,05 31 46 17 28,Kirestin Meyers,"13.6304883712, -173.0082515968",27,02/13/1967
kitrabenton4542@outlook.com,893-5835 Non Rd.,07 35 52 06 25,Kitra Benton,"1.1012379648, -29.4555805696",75,06/04/1991
kitraburns@protonmail.org,"P.O. Box 365, 119 Erat Av.",09 71 31 74 23,Kitra Burns,"-2.3642133504, 43.4231810048",12,02/05/1968
kitraewing@hotmail.com,631-5917 Luctus Road,03 10 30 54 53,Kitra Ewing,"-25.768616448, 46.106962432",27,09/23/1995
kylafrank@hotmail.edu,Ap #666-6465 Ac Rd.,07 43 46 52 73,Kyla Frank,"-9.7795352576, -11.821190144",76,09/27/1944
kyleebaxter4865@protonmail.ci,Ap #807-1187 Turpis St.,03 68 65 43 47,Kylee Baxter,"-3.7474642944, 78.161742848",28,09/12/1958
lamarcopeland3589@yahoo.edu,415-1265 Posuere Street,03 56 67 46 97,Lamar Copeland,"-75.1589127168, -5.536996352",34,02/13/1986
larissaeverett8428@google.com,715-3453 A St.,08 29 49 72 36,Larissa Everett,"26.2019121152, -15.0919571456",72,12/31/1954
laurastevens5915@google.ca,Ap #132-8516 Feugiat Street,06 03 13 56 62,Laura Stevens,"-71.9802532864, -128.5189215232",81,04/30/1979
laureldodson@aol.org,9017 Nam St.,05 18 35 39 15,Laurel Dodson,"-9.4355584, 175.8141495296",21,11/09/1958
laurelvelasquez6782@outlook.sa,7066 Proin Rd.,08 72 75 03 10,Laurel Velasquez,"-26.3651478528, -21.274616832",41,09/19/1986
laviniabenton@hotmail.gh,Ap #326-4129 Ante Avenue,04 77 18 38 20,Lavinia Benton,"-52.6448106496, 86.483099648",66,06/27/1998
lawrencehurley578@aol.ci,Ap #477-4083 Ligula. Ave,05 36 46 69 91,Lawrence Hurley,"72.3032352768, -94.9635493888",2,11/13/1985
leeguerra3889@icloud.net,6915 Sit St.,02 79 89 35 36,Lee Guerra,"33.1058035712, -178.1008342016",21,02/24/1990
lenlindsay6600@yahoo.org,"P.O. Box 398, 8491 Eget St.",01 69 10 39 34,Len Lindsay,"61.7110668288, 31.3426453504",80,02/04/1948
lesleymcdaniel3306@aol.ci,1919 Mauris. Rd.,03 57 88 78 78,Lesley Mcdaniel,"-0.7193445376, -132.8908091392",4,05/22/2000
levchang7115@aol.couk,"P.O. Box 725, 8358 Sodales St.",04 43 65 25 43,Lev Chang,"50.597758464, 97.7193837568",88,09/09/1951
levdavid@outlook.edu,703-8698 Nulla. Rd.,05 24 08 40 65,Lev David,"-61.5399318528, 165.0885921792",61,04/10/1954
levparks@aol.ci,"P.O. Box 841, 9865 Tincidunt Rd.",06 57 96 37 55,Lev Parks,"-88.9362740224, -124.1490051072",35,07/03/1971
libertymcdonald4159@google.gh,"P.O. Box 824, 5224 Vel Rd.",02 50 76 73 22,Liberty Mcdonald,"0.40392704, 75.660951552",13,12/28/1957
lilahalexander@protonmail.gh,Ap #431-1831 Eros. St.,03 72 20 35 21,Lilah Alexander,"48.4622388224, -88.2748745728",53,11/17/1999
loganburgess@yahoo.sn,Ap #603-1804 Sed Av.,04 31 86 29 54,Logan Burgess,"6.1832909824, 135.595742208",40,09/03/1973
loisbruce9738@icloud.gh,Ap #558-2610 Tortor. Av.,02 19 82 12 45,Lois Bruce,"-72.2444142592, 18.6007535616",16,09/21/1982
luciancain2100@hotmail.sn,"P.O. Box 444, 4485 Phasellus Road",03 87 77 88 42,Lucian Cain,"-15.3541766144, -13.7327302656",67,03/14/1981
lucianmeyers@aol.ca,"Ap #438-1975 Tempus, St.",06 76 16 27 89,Lucian Meyers,"-50.4692201472, 145.109065728",98,07/14/1974
lucianmontoya@outlook.sa,Ap #600-1554 Aliquet Road,04 15 73 22 14,Lucian Montoya,"35.0951958528, 5.1898406912",71,07/02/1977
luciusbrown@icloud.sn,9344 Aenean St.,03 15 85 98 97,Lucius Brown,"70.8792070144, -94.9346028544",14,11/22/1962
luciusdiaz3162@google.edu,262-4477 Eleifend Street,04 52 30 05 37,Lucius Diaz,"-8.6469851136, 85.708525056",73,03/22/1967
lucywarner@aol.gh,158-6820 Quisque Avenue,08 71 36 73 64,Lucy Warner,"-70.2800001024, 109.9895559168",80,03/31/1981
lukevang@google.couk,"Ap #816-6922 Adipiscing, Rd.",08 76 39 47 39,Luke Vang,"10.2235597824, -154.3246396416",49,07/16/1972
macaulaycarrillo4883@hotmail.edu,Ap #796-505 Mus. Street,02 18 10 42 21,Macaulay Carrillo,"46.4501745664, 37.3754302464",10,07/25/1983
macaulaycharles7662@aol.com,Ap #446-5517 Blandit Street,04 27 55 54 91,Macaulay Charles,"-70.562705408, 99.36877312",6,11/03/1993
mackenziemcintosh5847@hotmail.gh,"P.O. Box 739, 2720 Sit Av.",01 38 88 71 85,MacKenzie Mcintosh,"-50.0667557888, 10.0889704448",45,07/20/1971
mackenziewarner@outlook.sa,344-1508 Ultricies Av.,06 08 64 60 07,MacKenzie Warner,"-84.362439168, -133.441452544",75,08/20/1965
maconfoley6347@yahoo.couk,"9681 Consequat, Rd.",02 67 70 43 79,Macon Foley,"-13.616183296, -93.719053312",70,08/28/1956
macyallison9680@aol.gh,630-7448 Elit Av.,09 56 14 53 01,Macy Allison,"-48.348892672, 83.6740791296",95,05/11/1961
mageebarry@aol.gh,698-4985 Morbi Avenue,04 25 57 59 82,Magee Barry,"-9.51158784, 156.9609711616",51,11/29/1970
maggypearson9444@google.sn,Ap #288-6709 Diam. Rd.,08 45 67 34 49,Maggy Pearson,"-8.350598656, 151.3400751104",46,02/24/1966
mailehenry5932@protonmail.ca,235-466 Faucibus St.,04 15 80 03 03,Maile Henry,"20.63637248, 166.3800327168",47,05/22/1963
maisiedelaney1459@outlook.edu,7258 Arcu. Av.,01 02 85 76 04,Maisie Delaney,"-8.6051813376, 136.77709312",19,10/22/1958
malachibutler@protonmail.com,4990 Vitae Road,04 78 70 19 33,Malachi Butler,"67.7542848512, -99.6976113664",70,08/10/1963
malachimcmillan@aol.ci,Ap #122-9272 Metus. St.,08 78 51 13 64,Malachi Mcmillan,"23.408653312, 53.8562363392",10,01/21/1968
mararaymond@outlook.sa,"986-9417 Sed, St.",04 34 74 38 52,Mara Raymond,"29.019924992, 143.2770226176",83,12/01/1966
marciachristensen@icloud.org,9381 Quis Road,06 03 40 29 41,Marcia Christensen,"-27.3466534912, -148.5158342656",77,07/15/1999
marsdenpatterson@hotmail.sa,"Ap #910-3130 Ante, Road",06 92 54 92 76,Marsden Patterson,"-16.7629282304, -119.9263699968",16,12/22/1992
martenaclements@google.ci,4700 Purus. St.,07 51 16 76 82,Martena Clements,"-57.718250496, 117.4671791104",4,10/16/1998
martenale@outlook.ca,1540 Volutpat. Street,09 77 60 74 65,Martena Le,"-2.6314727424, -4.64594432",79,05/23/1948
masonware6077@icloud.couk,Ap #640-6062 Tristique St.,03 31 49 80 23,Mason Ware,"-35.1572944896, 127.8412322816",33,09/04/1977
matthewgentry@protonmail.net,Ap #243-753 Morbi Rd.,07 38 46 48 74,Matthew Gentry,"-80.2716034048, 40.8517039104",71,01/31/1988
matthewstephenson@icloud.org,Ap #445-3779 Nibh Avenue,08 57 31 26 66,Matthew Stephenson,"-23.573850624, -126.4811677696",72,12/31/1965
maxinevincent9222@protonmail.ca,Ap #678-3751 Fusce St.,03 13 60 34 22,Maxine Vincent,"28.67333376, -80.137667584",68,09/17/1967
mayarandall6828@yahoo.com,323-687 Mauris St.,08 78 55 99 63,Maya Randall,"64.9243461632, -147.1389140992",60,01/16/1996
mechellebenjamin2499@icloud.sa,"610-1091 Id, Road",07 46 52 20 04,Mechelle Benjamin,"0.5075756032, 73.7874803712",49,10/13/1949
medgeelliott5393@protonmail.ca,Ap #634-2739 Amet Avenue,01 88 75 47 22,Medge Elliott,"-54.7003899904, -151.721448448",77,09/14/1966
medgekemp271@hotmail.sn,736-7892 Massa. St.,05 37 54 62 28,Medge Kemp,"-70.448649728, -43.8684792832",67,05/06/1952
melissabauer3708@protonmail.com,"443-574 Eu, Av.",03 84 43 55 35,Melissa Bauer,"62.1173293056, -113.3718805504",60,11/01/1952
merrittrocha@outlook.org,"Ap #163-2758 Ut, Avenue",04 42 52 55 50,Merritt Rocha,"88.4165920768, 31.100110848",15,03/07/1947
micahmcfarland@outlook.edu,642-4577 Sed Rd.,05 85 31 81 54,Micah Mcfarland,"87.8889228288, 102.8949200896",3,12/25/1975
minervahardy@protonmail.gh,245-3248 Neque St.,02 54 36 34 87,Minerva Hardy,"-27.0753501184, -111.7782554624",53,02/01/1976
minervahester@icloud.com,903-3607 Facilisis Road,01 42 34 63 98,Minerva Hester,"-46.1799676928, -63.5283012608",34,10/25/1950
montanaduran5936@outlook.sn,142-5775 Volutpat Road,05 20 76 23 10,Montana Duran,"34.4179245056, 58.9774329856",95,11/12/1968
mylesashley720@google.ca,"Ap #269-7016 Vestibulum, Avenue",08 32 98 64 31,Myles Ashley,"50.7647230976, -138.0602409984",100,07/16/1977
myragriffith@aol.sn,Ap #272-5700 Quis St.,08 94 99 78 88,Myra Griffith,"-47.3213360128, 89.3646317568",98,11/20/1957
myrajordan@icloud.net,"Ap #958-2039 Vel, Avenue",08 80 64 46 34,Myra Jordan,"-41.2216863744, -141.1876924416",30,08/06/1969
nashvalencia@protonmail.ca,"198-5906 Dolor, Street",04 45 01 28 15,Nash Valencia,"-7.5294142464, 105.8237277184",80,05/08/1962
nathanielcherry@icloud.net,"4025 Non, Road",05 44 32 33 53,Nathaniel Cherry,"-40.9753962496, -160.0604336128",27,04/30/1971
nehruspence9969@google.gh,"P.O. Box 137, 1810 Fusce Rd.",04 33 52 46 44,Nehru Spence,"55.6457331712, -141.2233109504",23,10/23/1945
nerorowland@protonmail.ci,329-702 Dapibus Ave,05 56 69 82 84,Nero Rowland,"68.428488704, -151.1053304832",20,09/15/1966
nicolebryant6787@google.com,"P.O. Box 592, 9228 Aenean St.",05 12 46 11 88,Nicole Bryant,"-45.9748917248, -141.8565377024",79,11/09/1948
nigelkeller818@aol.gh,6779 Morbi Av.,02 19 63 71 46,Nigel Keller,"-9.3042527232, -59.4971293696",47,11/20/1999
nissimsawyer@yahoo.couk,259-342 Nulla Av.,07 38 36 97 11,Nissim Sawyer,"-86.5503683584, -63.9793779712",84,01/11/1987
noahhoffman7161@yahoo.ci,"318-2350 Eu, Avenue",08 44 35 62 57,Noah Hoffman,"-27.9152581632, 165.8319122432",52,09/24/1972
noellecarson2645@hotmail.ca,128-7934 Sit Rd.,05 21 94 23 85,Noelle Carson,"-27.5112015872, -92.9041481728",58,04/09/1962
noelmyers@hotmail.couk,745-6601 In Av.,03 13 63 52 21,Noel Myers,"59.34233088, -83.977632256",84,08/22/1987
nolawheeler7909@hotmail.gh,Ap #835-286 Accumsan Avenue,04 20 12 83 71,Nola Wheeler,"-8.632104448, -140.2498644992",15,01/20/1973
odysseussutton@outlook.sn,Ap #254-6346 Non St.,07 52 48 72 17,Odysseus Sutton,"9.0226221056, 95.972332544",48,03/14/1966
orenpratt@hotmail.edu,8889 Gravida Ave,05 22 45 16 12,Oren Pratt,"75.2855963648, 116.0182490112",59,07/21/1991
ottochaney@protonmail.sa,Ap #973-5810 Gravida Av.,07 24 11 10 34,Otto Chaney,"68.7963983872, 131.9832809472",53,03/07/1988
pamelarichmond2662@google.ci,6948 Vel Ave,08 26 95 48 66,Pamela Richmond,"-3.5379741696, -141.3626242048",51,03/23/1973
pascaleweaver@aol.sa,506-5680 Tincidunt Road,04 35 53 53 44,Pascale Weaver,"-72.7445430272, -135.8350303232",53,06/25/1969
perrylindsay8877@outlook.org,Ap #441-8271 Nec Rd.,06 74 45 96 85,Perry Lindsay,"33.8887005184, 144.5686894592",63,12/09/1952
petracontreras@protonmail.ci,735-1685 Lobortis Street,02 68 30 13 24,Petra Contreras,"-27.5625540608, -151.6221421568",57,11/25/1977
phillipsimon1374@outlook.org,"P.O. Box 984, 8890 Eget Street",06 14 72 59 84,Phillip Simon,"40.1968279552, -17.943410688",21,02/12/1981
phyllismyers@protonmail.edu,"P.O. Box 256, 3969 Fusce Road",02 57 64 88 56,Phyllis Myers,"-56.1447542784, 81.444611584",32,04/12/1998
portiacollins@icloud.sn,Ap #172-3019 Eu Rd.,03 47 17 97 18,Portia Collins,"-78.97653504, 62.1933366272",10,08/13/2000
portiameyer4895@yahoo.gh,216-2226 Tempus Av.,01 16 89 89 67,Portia Meyer,"-11.4438555648, 136.9199199232",33,08/20/1953
quamarmyers2312@aol.ca,"730-4531 Et, Ave",04 86 96 87 21,Quamar Myers,"55.9003677696, 63.6449818624",93,03/26/1998
quonhoover@google.org,Ap #775-1174 Lacus. Rd.,07 79 54 02 92,Quon Hoover,"26.7789923328, -73.3819419648",90,11/27/1968
rachelfloyd@yahoo.sn,488-3378 Ante Street,05 42 64 36 68,Rachel Floyd,"-70.7681970176, 0.299290624",68,03/22/1953
rajahknowles9302@icloud.net,"P.O. Box 887, 3117 Eget, St.",02 14 17 57 28,Rajah Knowles,"-44.6671894528, 32.2281684992",101,08/10/1966
ravenpetty@yahoo.ci,Ap #234-9735 Risus. Ave,08 85 33 64 42,Raven Petty,"60.5890612224, 140.5809713152",41,10/19/1954
rayhorne@yahoo.gh,Ap #132-673 Nunc St.,07 57 87 69 88,Ray Horne,"57.3258333184, 87.5584063488",22,03/26/1948
rebeccaharrison3424@google.org,Ap #889-4636 Enim. Ave,05 37 88 59 45,Rebecca Harrison,"24.2519876608, -70.1767630848",10,02/14/2000
reesedominguez@aol.net,5796 Nunc Av.,05 44 14 45 38,Reese Dominguez,"67.8654712832, 74.6756083712",76,11/07/1963
rigelaguilar@yahoo.org,"151-2030 Felis, St.",05 31 76 84 37,Rigel Aguilar,"-64.3942638592, 32.2942927872",89,11/28/1986
rigelbuckner3470@outlook.ci,Ap #658-128 Ac Ave,04 48 37 26 53,Rigel Buckner,"-5.2340954112, -99.9385427968",40,04/28/1990
rigelpayne2021@icloud.couk,"3610 A, Avenue",01 86 78 52 13,Rigel Payne,"-59.2181732352, 88.0244388864",61,09/18/1945
rogankirkland@protonmail.couk,"P.O. Box 656, 2616 Nullam Avenue",09 16 71 24 18,Rogan Kirkland,"81.3822700544, -80.277070336",3,09/26/1964
ronanpotts@hotmail.sa,Ap #723-4594 Aliquet St.,05 16 13 28 58,Ronan Potts,"65.7006600192, 116.5962896384",47,05/31/1963
rudyardbecker@yahoo.com,481-3726 Ipsum Rd.,02 12 76 26 88,Rudyard Becker,"-28.303484928, -87.7826542592",42,05/23/1976
salvadorcote7619@icloud.com,341-5855 Aliquet. Rd.,04 09 14 39 84,Salvador Cote,"-29.1061069824, 100.4248035328",17,01/20/1957
salvadorstuart@protonmail.couk,"P.O. Box 696, 2523 Phasellus Road",07 61 42 87 66,Salvador Stuart,"-34.0343322624, 43.5179025408",72,05/04/1979
saralowe@outlook.couk,753-1498 Porttitor Rd.,04 91 28 74 08,Sara Lowe,"44.3851211776, 163.1203869696",76,12/24/1995
sawyersolis@aol.ca,148-714 Accumsan Av.,06 34 46 81 32,Sawyer Solis,"4.1382943744, 174.8497809408",77,04/03/1961
scarlettbaldwin@yahoo.ci,476-7460 Sed Ave,04 46 38 58 27,Scarlett Baldwin,"-62.1979848704, -172.8515028992",45,03/20/1985
scarlettfischer5516@aol.com,"P.O. Box 448, 1755 Quis Ave",06 39 25 77 08,Scarlett Fischer,"75.0949274624, 172.8935136256",13,08/13/1978
serenahendrix969@aol.org,"863-3539 Sed, Ave",04 60 55 79 14,Serena Hendrix,"-85.767850496, -142.9573244928",44,01/10/1967
shafiralyons8520@icloud.edu,Ap #450-3985 Pharetra Avenue,02 70 36 53 56,Shafira Lyons,"-72.364354048, -45.8305490944",6,04/09/1992
shelliepitts5083@aol.org,177-6053 Et Av.,06 46 01 00 31,Shellie Pitts,"-74.0505059328, -20.8612294656",75,11/26/1993
shellierowe4229@icloud.com,"Ap #849-3589 Posuere, Rd.",06 58 83 86 63,Shellie Rowe,"58.8820120576, 1.274673664",94,03/01/1947
signemccarthy@yahoo.net,"Ap #902-6798 Risus, Av.",05 07 76 52 47,Signe Mccarthy,"-0.6339218432, 15.6426339328",7,06/03/1947
sonyaalvarado@google.net,Ap #366-8048 Consequat Avenue,05 80 67 78 92,Sonya Alvarado,"18.3164959744, 62.4155281408",49,09/04/1958
steelsavage@yahoo.sn,516-9955 Bibendum St.,04 24 79 71 99,Steel Savage,"-61.6522044416, -18.6196600832",10,01/31/1959
stewartgomez443@outlook.gh,1288 Lobortis St.,05 25 40 93 61,Stewart Gomez,"-31.47271168, 4.6558287872",3,02/23/1988
stewartsaunders6529@aol.edu,Ap #932-4552 Penatibus Ave,02 19 78 74 16,Stewart Saunders,"-89.5411060736, -159.6945277952",68,06/09/1947
stonecastillo@protonmail.ci,477-6044 Tristique Street,04 88 71 42 37,Stone Castillo,"28.3135080448, -126.2627345408",66,09/12/1969
stonepatterson@protonmail.com,"P.O. Box 189, 8847 Nec, Rd.",04 34 23 84 22,Stone Patterson,"-81.1184797696, -131.6019970048",14,11/14/1984
sukibattle@outlook.sa,Ap #632-5777 Interdum Street,02 03 91 80 13,Suki Battle,"-45.8994233344, 79.0915940352",12,12/12/1944
sybillchandler@icloud.sa,Ap #445-2928 Varius St.,04 79 64 44 13,Sybill Chandler,"1.8842118144, -119.8195817472",45,04/26/1999
sybillrichardson@hotmail.sa,6605 Lobortis. St.,02 70 16 88 59,Sybill Richardson,"36.6671597568, -38.8533306368",45,01/31/1969
sydneymoore@yahoo.edu,612-2629 Pellentesque Avenue,07 61 81 30 79,Sydney Moore,"-26.736274432, 49.7445966848",75,11/17/1979
sylvesterbrennan1510@hotmail.com,9051 Ut St.,08 13 35 32 96,Sylvester Brennan,"-21.9605338112, 20.1085022208",82,08/07/1981
sylvesterdickerson@protonmail.sn,551-8348 Quisque Av.,04 61 81 17 22,Sylvester Dickerson,"50.2562296832, -136.7386728448",46,07/04/1994
sylvestermcintyre@icloud.com,Ap #325-7482 Varius Road,03 24 26 73 10,Sylvester Mcintyre,"-10.939906048, -108.3128697856",31,12/18/1956
tamaravargas@outlook.net,"P.O. Box 568, 2375 Sed Rd.",06 28 23 34 58,Tamara Vargas,"-28.0656802816, 36.9649855488",54,06/22/1969
tanekflowers8793@outlook.gh,"P.O. Box 689, 3673 Condimentum Av.",06 71 63 31 17,Tanek Flowers,"34.7427902464, -74.4290849792",52,04/03/1969
teaganfrank@icloud.ca,Ap #922-5437 Tristique Rd.,04 74 19 56 41,Teagan Frank,"80.8032502784, 132.3356279808",7,06/02/1962
teeganarnold7204@outlook.ca,853-4472 Aliquam Road,02 24 71 81 58,Teegan Arnold,"55.0321758208, -129.9041750016",91,03/19/1962
thomasknight1604@yahoo.edu,5736 Facilisis Ave,02 32 18 64 42,Thomas Knight,"-70.62311168, 7.2515636224",24,06/13/1976
timothymatthews@google.gh,735-4177 Scelerisque St.,04 27 52 22 62,Timothy Matthews,"54.5017257984, -130.7851288576",50,04/27/1953
tobiaswilson1013@aol.com,109-608 Quisque Avenue,06 04 53 39 39,Tobias Wilson,"-65.0285915136, -9.2424092672",75,08/22/1980
toddmoses2105@google.gh,Ap #327-9124 Quisque Avenue,06 01 14 55 66,Todd Moses,"49.9113040896, -25.9637199872",40,06/28/1979
tylercalhoun5358@hotmail.edu,"P.O. Box 642, 7144 Dictum Av.",03 14 44 87 50,Tyler Calhoun,"-56.8403846144, 94.3586596864",77,10/29/1949
tylerhicks465@icloud.org,220-1523 Etiam Av.,05 52 07 37 87,Tyler Hicks,"40.9011774464, 14.4394990592",78,04/13/1955
tylerholloway8055@protonmail.ca,Ap #751-2654 Morbi Rd.,03 70 84 31 84,Tyler Holloway,"80.4614559744, 124.4267846656",79,10/29/1998
uriahgill@outlook.com,1114 Ullamcorper Rd.,03 94 62 93 88,Uriah Gill,"-55.8269687808, 20.090623488",26,09/06/1944
vancebowman2483@protonmail.sn,Ap #865-6762 Velit. Rd.,03 10 32 41 78,Vance Bowman,"-60.562225664, -29.7978258432",101,11/10/1947
vanceweeks@hotmail.net,Ap #118-8443 Ornare Ave,04 58 49 29 64,Vance Weeks,"-63.3847887872, -90.254354944",43,07/19/1970
vaughankelly@protonmail.ca,199-6145 A Road,07 17 37 37 38,Vaughan Kelly,"-6.20585472, 114.4149505024",62,10/22/1954
vaughanle5675@protonmail.couk,Ap #191-8449 Adipiscing Street,03 96 58 22 89,Vaughan Le,"-78.7645177856, -45.6239202304",62,12/01/1998
vedastephenson@hotmail.couk,"P.O. Box 505, 5556 Lorem. Rd.",03 90 85 32 78,Veda Stephenson,"59.010177536, 56.2804896768",55,12/17/1946
velmahill@google.gh,"7571 Eu, Road",07 36 52 02 88,Velma Hill,"75.2135988224, -124.7933832192",95,08/17/1992
venusskinner@protonmail.com,5166 Metus Rd.,09 14 18 92 34,Venus Skinner,"3.1465754624, -38.6651751424",3,08/19/1990
victorpatel@protonmail.com,"920-1826 At, Ave",06 97 41 86 62,Victor Patel,"29.0741415936, -148.2555283456",19,07/08/1983
vielkamorgan@hotmail.ci,Ap #291-4508 Ac Rd.,03 82 63 53 50,Vielka Morgan,"-16.4129883136, -5.6350457856",1,07/13/1984
vincentcompton1705@protonmail.couk,210-5475 Lectus St.,06 95 51 15 77,Vincent Compton,"22.341860864, 55.591556608",4,01/18/1956
virginiamendoza7710@yahoo.com,Ap #341-1990 Sit Road,07 76 11 96 53,Virginia Mendoza,"53.5807335424, -109.4072370176",84,01/23/1967
vivienpate1266@protonmail.ca,7646 Neque Rd.,06 83 17 42 14,Vivien Pate,"72.9347658752, 27.2318797824",32,06/22/1965
waltercarter@protonmail.ci,Ap #393-8683 Dictum Road,03 54 80 27 21,Walter Carter,"32.2432425984, 130.0784238592",59,08/19/1952
walterhardin4054@google.sa,3230 Nunc Street,02 34 57 11 39,Walter Hardin,"84.3251192832, 6.2685955072",49,05/10/1969
wandamcclain8703@protonmail.ca,1826 Tincidunt Rd.,05 65 14 23 38,Wanda Mcclain,"12.5872472064, 30.3809234944",38,05/09/1968
williamknight7351@protonmail.ca,"Ap #675-3376 Vel, Rd.",07 55 75 28 73,William Knight,"63.4072923136, 37.3225460736",71,01/03/1953
willowhansen6856@aol.net,363-6353 Adipiscing Av.,08 31 65 48 69,Willow Hansen,"65.4764860416, 6.0708992",83,07/29/1970
xandertanner@aol.net,Ap #215-2690 Adipiscing St.,02 54 41 79 99,Xander Tanner,"52.3215331328, -102.0492152832",23,09/22/1994
xandraroberts3475@icloud.sa,846-8923 Risus Avenue,04 54 85 12 79,Xandra Roberts,"45.9500351488, -116.9935842304",13,02/28/1956
xanthapratt7715@yahoo.edu,Ap #842-8652 Eros Rd.,07 18 69 75 23,Xantha Pratt,"-13.684769792, -0.618230272",36,10/20/1957
xavierhouston9978@aol.sa,2317 Neque Rd.,05 30 44 64 86,Xavier Houston,"66.6606977024, 14.5919698944",98,06/24/1968
yettamurray5958@hotmail.sn,563-962 Diam. St.,08 55 77 54 39,Yetta Murray,"51.2950590464, 160.485529088",18,05/08/1993
yoshihayden@google.ca,Ap #228-8768 Nulla Avenue,07 63 94 99 73,Yoshi Hayden,"23.2803926016, -157.4225931264",78,01/09/1991
yulibrowning@aol.couk,Ap #191-2156 Adipiscing. St.,01 36 88 65 94,Yuli Browning,"11.6247755776, 102.9281389568",19,02/24/1990
yulirodriguez9642@protonmail.couk,882-8477 Sed Rd.,05 16 45 72 26,Yuli Rodriguez,"89.3572456448, 19.7607109632",60,06/05/1983
zacharybryant7817@icloud.org,Ap #350-7305 Et Ave,04 54 20 65 85,Zachary Bryant,"44.2621689856, 170.7559757824",54,02/14/1994
zahirrosales7615@icloud.couk,621 Sit Av.,06 43 05 26 81,Zahir Rosales,"2.0441631744, 93.6625718272",14,08/21/1993
zeniamcgee@yahoo.ci,"Ap #292-4050 Felis, Ave",08 67 45 46 82,Zenia Mcgee,"6.4542081024, 150.1717791744",6,10/28/1996
zephsosa7634@hotmail.ca,1033 Imperdiet St.,04 66 86 11 76,Zeph Sosa,"37.3358526464, -83.7214267392",85,03/02/1970
zeusrojas3133@google.com,127-8956 Semper Ave,04 65 41 64 63,Zeus Rojas,"-38.9632347136, 115.6717216768",30,09/10/1962
