email,address,phone,name,residency,region,city,geo_location,lucky_number,nationality,birth_date
ferdinandmueller@google.sa,Ap #875-3504 Non Street,02 38 76 93 41,Ferdinand Mueller,United Kingdom,Warwickshire,Nuneaton,"32.7627286528, -158.6625671168",67,United States,02/19/1993
ethanlancaster@aol.net,878-6884 Elementum Rd.,05 51 21 67 27,Ethan Lancaster,Austria,Salzburg,Saalfelden am Steinernen Meer,"-65.4976663552, 95.8233938944",37,New Zealand,05/22/1949
solomonmiles8893@outlook.gh,"P.O. Box 551, 1609 Pharetra. Avenue",05 84 67 56 12,Solomon Miles,Indonesia,Gorontalo,Gorontalo,"2.5649298432, -61.4258876416",64,Vietnam,06/18/1963
brennanenglish9011@google.com,8374 Erat Av.,02 66 23 25 67,Brennan English,Ireland,Connacht,Galway,"81.577866752, -97.3228767232",40,Spain,08/16/1953
carlosfranklin9307@yahoo.sa,3048 Hendrerit Ave,07 78 89 73 91,Carlos Franklin,China,Zhōngnán,Hubei,"-56.7518974976, 175.1121529856",86,Italy,10/01/1980
camillewebb1668@aol.couk,287-8086 Arcu. Avenue,05 47 05 14 04,Camille Webb,Chile,Metropolitana de Santiago,Peñalolén,"-87.0558820352, 22.7647194112",53,Poland,08/17/1961
amandakennedy6014@google.sn,710-3003 Et St.,08 18 96 14 47,Amanda Kennedy,Singapore,North-East Region,Ang Mo Kio,"63.9827079168, 61.4409061376",91,Turkey,07/31/1998
quintessabuchanan@icloud.net,660-7772 Erat Av.,04 29 22 78 74,Quintessa Buchanan,Mexico,Coahuila,Saltillo,"55.9738343424, -165.1289992192",100,New Zealand,06/01/1996
hayeshodge5962@yahoo.couk,723-9741 Aliquet St.,06 97 34 94 74,Hayes Hodge,Poland,Podlaskie,Suwałki,"-88.375186944, -1.4612047872",3,Poland,09/18/1975
kennedydickson@hotmail.couk,"P.O. Box 816, 8452 Nullam Av.",09 37 69 90 68,Kennedy Dickson,Vietnam,Hòa Bình,Hòa Bình,"39.1863397376, -43.223748608",48,Costa Rica,03/09/1985
drewvaughan@google.net,1038 Quis Rd.,09 58 49 86 83,Drew Vaughan,Indonesia,Gorontalo,Gorontalo,"83.861198848, -25.3758437376",42,Vietnam,07/06/1952
dylangallagher@aol.sn,Ap #470-7765 Malesuada Road,07 53 06 18 89,Dylan Gallagher,Brazil,Santa Catarina,Criciúma,"-9.1763325952, -63.15446528",35,Colombia,06/04/1959
arsenioatkins@icloud.ca,"P.O. Box 483, 5503 Erat Avenue",04 25 44 15 97,Arsenio Atkins,Philippines,Zamboanga Peninsula,Dapitan,"-11.8733601792, 161.7532027904",13,Philippines,09/25/1968
summermiles@yahoo.ca,672-6447 Auctor Avenue,09 39 97 25 04,Summer Miles,Austria,Vorarlberg,Bregenz,"-31.9387835392, 135.4107967488",12,Spain,10/06/1945
joychavez2611@icloud.org,"Ap #638-4309 Auctor, Rd.",08 30 66 95 74,Joy Chavez,Ireland,Connacht,Galway,"-57.0026576896, -131.4135250944",52,Poland,05/31/1960
petersaunders@protonmail.gh,"P.O. Box 464, 4651 Gravida St.",06 38 95 24 32,Peter Saunders,Philippines,Calabarzon,Antipolo,"-70.3390625792, 47.7234333696",62,Russian Federation,01/10/1993
vernonfrancis@aol.sn,166-2086 Nulla Rd.,06 56 02 23 26,Vernon Francis,Brazil,Rio de Janeiro,Duque de Caxias,"-65.5222550528, -100.3227825152",46,India,02/27/1984
perryanderson4443@aol.ci,1550 Pede St.,06 22 14 25 52,Perry Anderson,Ireland,Connacht,Galway,"-1.9663509504, -44.2943797248",24,Austria,08/11/1995
urielsmith3859@outlook.sa,Ap #341-5029 In Road,03 06 99 12 92,Uriel Smith,Poland,Mazowieckie,Płock,"67.9978177536, 61.512801792",17,Pakistan,03/09/1958
daiosborne79@protonmail.org,3332 Facilisis Ave,03 66 45 56 60,Dai Osborne,Vietnam,Khánh Hòa,Nha Trang,"-47.7266163712, -123.5289967616",39,South Africa,05/16/1982
brandononeal@yahoo.ci,406-9438 Mauris Av.,07 58 64 23 29,Brandon Oneal,Canada,Prince Edward Island,Stratford,"-84.217841664, -38.08928768",36,Germany,08/07/1989
prestonvelazquez9634@hotmail.sn,"592-7310 Non, Av.",02 63 38 21 15,Preston Velazquez,Peru,Cusco,Cusco,"79.1698968576, 92.1885252608",67,Chile,04/16/1964
wallacebond@protonmail.ca,7570 Arcu Road,04 46 72 73 25,Wallace Bond,Costa Rica,Heredia,San Francisco,"-30.7919870976, -123.0315225088",63,Ireland,03/30/1993
levicalderon@aol.edu,713-4274 Aliquam Rd.,04 81 84 78 57,Levi Calderon,France,Poitou-Charentes,Châtellerault,"-89.142133248, -179.7576501248",8,China,09/02/1965
waynebrock@aol.edu,326-332 Commodo Avenue,02 57 88 40 78,Wayne Brock,Pakistan,Azad Kashmir,Bhimber,"42.4362102784, -35.4624572416",29,Vietnam,01/28/1964
jenareynolds6357@yahoo.sn,"P.O. Box 386, 9850 Non, Road",06 84 29 71 21,Jena Reynolds,United Kingdom,Denbighshire,Llangollen,"-85.7303554048, -28.0545308672",37,Ireland,12/02/1977
vancebradford@protonmail.ci,154-195 Mattis. Avenue,05 17 89 09 13,Vance Bradford,India,Goa,Panjim,"54.7121427456, 22.8083122176",61,Spain,02/28/2000
holleebowman@hotmail.gh,Ap #995-5971 Vitae Avenue,05 95 52 25 68,Hollee Bowman,Chile,Valparaíso,Concón,"-62.7013460992, -122.6482936832",100,France,06/05/1987
virginiagiles@google.couk,123-3168 Neque. St.,08 66 47 43 08,Virginia Giles,France,Aquitaine,Pau,"54.86477312, 62.706153984",48,Pakistan,08/13/1980
lukestewart1815@protonmail.couk,"Ap #606-4515 Non, Avenue",06 42 44 04 35,Luke Stewart,Australia,Western Australia,Joondalup,"-33.3800225792, 163.204995584",85,Poland,06/13/1962
adamhardin@icloud.sa,376-504 Ut St.,02 23 15 96 89,Adam Hardin,Singapore,West Region,Tuas,"-10.187419648, -29.3804483584",51,Austria,02/24/1990
maxinewall7961@protonmail.ci,407-2341 Neque. St.,01 20 19 80 22,Maxine Wall,Colombia,Huila,Neiva,"-67.984599552, -127.6990134272",77,Sweden,05/18/1961
giacomovasquez@yahoo.sn,"P.O. Box 610, 2676 Magna. Ave",04 39 24 47 42,Giacomo Vasquez,India,Odisha,Puri,"76.1589095424, 120.1907329024",37,Costa Rica,05/15/1994
jonahosborn8338@yahoo.ca,Ap #479-8594 Penatibus Street,08 82 75 18 24,Jonah Osborn,Peru,Arequipa,Arequipa,"-83.1148726272, -2.611586048",85,Germany,07/30/1957
brentdennis@aol.gh,549-5605 Dictum Ave,03 15 24 42 43,Brent Dennis,Philippines,Central Luzon,Malolos,"-68.3061988352, -76.7090250752",52,Poland,01/27/1970
lengray6251@yahoo.gh,"P.O. Box 250, 1996 Bibendum. St.",03 91 01 36 43,Len Gray,Ukraine,Chernihiv oblast,Nizhyn,"-73.0440979456, 78.1560045568",37,Sweden,09/08/1947
isabellehammond6651@outlook.sa,"P.O. Box 693, 4859 Facilisis Street",02 25 81 02 02,Isabelle Hammond,Turkey,Konya,Karapınar,"-71.414422016, 52.7959599104",89,Ireland,03/26/1985
danielhayes@yahoo.edu,491-3582 Amet Ave,06 79 53 64 62,Daniel Hayes,United Kingdom,Norfolk,Norwich,"-31.142358016, 145.2654391296",12,Brazil,07/25/2000
vivianholder2956@aol.ca,9144 Scelerisque Avenue,06 35 53 74 33,Vivian Holder,Turkey,Samsun,Terme,"-84.1925510144, 36.4368208896",64,Singapore,05/30/1961
quinnknapp@hotmail.net,Ap #656-6207 Est. St.,09 75 84 65 47,Quinn Knapp,Poland,Podlaskie,Łomża,"-24.1346069504, 74.3269060608",63,Philippines,05/07/1975
chelseahoffman@hotmail.edu,Ap #576-4656 Lectus Avenue,07 95 10 49 42,Chelsea Hoffman,Germany,Bayern,Würzburg,"17.7526496256, -147.0776126464",91,Australia,05/26/1999
alexandrajenkins4537@hotmail.ca,"Ap #247-1727 In, Rd.",09 42 61 09 86,Alexandra Jenkins,Spain,Castilla - La Mancha,Toledo,"0.6823552, 107.6409253888",78,Sweden,01/22/1973
ebonyhebert@yahoo.edu,658-8651 Dapibus St.,06 27 06 53 60,Ebony Hebert,Australia,New South Wales,Goulburn,"3.7266566144, -95.9747838976",63,United Kingdom,10/07/1988
ericabishop5362@icloud.gh,"7415 Non, Ave",07 33 82 11 81,Erica Bishop,France,Alsace,Strasbourg,"-37.5856242688, -3.555491328",45,Singapore,11/08/1982
alexandramayo@aol.gh,7149 Leo St.,04 61 83 62 96,Alexandra Mayo,India,Kerala,Thalassery,"-47.4340929536, 64.7570630656",67,Ukraine,12/22/1970
maraduke@protonmail.gh,Ap #223-4897 Nullam Ave,01 57 61 64 86,Mara Duke,Spain,Comunitat Valenciana,Torrevieja,"56.1777813504, -112.6932775936",13,Netherlands,08/16/1955
reeceworkman@outlook.couk,2147 Donec Ave,01 76 21 38 48,Reece Workman,Costa Rica,Guanacaste,Liberia,"-26.9984137216, 77.6785221632",51,Vietnam,02/07/1958
brynnknowles6869@aol.sn,484-297 Phasellus Av.,07 11 74 08 02,Brynn Knowles,Singapore,Central Region,Novena,"62.686877184, -138.4669395968",17,Poland,12/16/1999
jakeemmccarty8059@yahoo.com,Ap #664-1974 Iaculis Avenue,04 71 61 46 52,Jakeem Mccarty,New Zealand,North Island,Te Puke,"14.5870395392, -56.1257678848",2,United States,02/15/1983
bellsosa2313@protonmail.net,7784 Diam. St.,06 22 68 45 45,Bell Sosa,Turkey,Van,Van,"-59.4095799296, 176.4721251328",70,Netherlands,01/04/1974
wangkey@icloud.ca,"P.O. Box 265, 904 Sed Rd.",02 65 35 02 41,Wang Key,Netherlands,Zeeland,Middelburg,"-82.4147588096, 43.5640701952",89,Mexico,09/03/1957
perryalston426@google.sa,5505 Proin Road,08 43 13 86 38,Perry Alston,Turkey,Kayseri,Kayseri,"78.0367357952, -24.3506332672",27,United Kingdom,11/17/1950
giselamendoza3573@hotmail.ca,"9609 Egestas, St.",04 87 51 28 57,Gisela Mendoza,Australia,Queensland,Bundaberg,"46.7985232896, 166.3567122432",17,France,12/27/1949
warrenrichard939@google.edu,5444 Auctor Av.,08 71 52 67 67,Warren Richard,India,Assam,Guwahati,"16.3105911808, -19.3991914496",70,South Korea,03/22/1964
chantaledecker6579@icloud.org,4586 Pellentesque Avenue,01 42 12 54 08,Chantale Decker,Turkey,Aydın,Aydın,"-46.8127903744, 77.5949751296",94,Chile,03/22/1945
emirowland7841@outlook.sn,"564-5429 At, St.",02 52 55 14 14,Emi Rowland,India,Odisha,Puri,"6.2925699072, 36.3542167552",14,Brazil,04/21/1989
daquanmason@yahoo.sa,247-3963 Dignissim Ave,02 64 83 41 47,Daquan Mason,Ukraine,Zaporizhzhia oblast,Zaporizhzhia,"59.1403864064, -14.2681409536",63,Russian Federation,02/19/1970
iankane@yahoo.ci,Ap #370-5534 Eu Street,04 41 42 21 18,Ian Kane,Australia,Victoria,Bendigo,"23.3520413696, -158.21913856",42,Brazil,11/05/1976
chaseolsen4689@hotmail.sn,Ap #125-461 Lacus. Av.,03 12 56 58 16,Chase Olsen,Mexico,Puebla,Tehuacán,"73.0227818496, 111.7365856256",10,South Africa,11/08/1958
nerocarroll6649@aol.edu,138 Vestibulum Street,05 87 47 75 48,Nero Carroll,Sweden,Dalarnas län,Borlänge,"5.4719785984, 129.3943368704",17,United States,09/22/1976
sydneyconner@aol.couk,Ap #272-4263 Lacinia Rd.,04 57 53 88 42,Sydney Conner,Spain,Extremadura,Cáceres,"24.7433347072, 47.9908503552",76,United Kingdom,06/25/1972
perrycote7925@outlook.couk,249-2048 Phasellus Street,08 27 92 88 83,Perry Cote,Spain,Euskadi,Bilbo,"-58.6198458368, -152.4090980352",18,South Korea,06/23/1997
nicoleayala4015@protonmail.gh,"174-4270 Eu, Rd.",05 82 16 74 86,Nicole Ayala,India,Pondicherry,Pondicherry,"51.710092288, 19.3599419392",93,Chile,04/25/1986
jinwong@protonmail.net,Ap #655-9185 Quis Av.,08 83 24 11 72,Jin Wong,Norway,Trøndelag,Orkanger,"72.9167885312, 34.7833563136",4,Singapore,04/21/1979
normanstewart@outlook.ci,6395 Volutpat. St.,05 27 49 21 14,Norman Stewart,New Zealand,North Island,Matamata,"67.8571932672, -48.1588651008",29,South Africa,04/14/1993
margarethester@aol.ca,Ap #770-6875 Nulla Street,04 98 64 79 32,Margaret Hester,Austria,Styria,Voitsberg,"-59.0544840704, -135.2228409344",92,Canada,03/09/1973
amerynewman@hotmail.sa,751-5585 Luctus. Rd.,06 86 54 91 73,Amery Newman,France,Champagne-Ardenne,Charleville-Mézières,"8.5719269376, 172.3066268672",88,Canada,01/04/1946
wadewilson@outlook.sa,Ap #933-8741 Aliquet Rd.,05 53 31 33 27,Wade Wilson,Turkey,Antalya,Kumluca,"16.8184993792, 123.1735924736",54,Italy,09/02/1987
hirokochen4282@google.org,Ap #868-313 Risus. Rd.,06 16 83 57 92,Hiroko Chen,Canada,New Brunswick,Dieppe,"-17.05425408, -178.5775412224",64,Netherlands,01/03/1964
kennangould6119@yahoo.com,651-7292 Proin Road,03 46 89 44 51,Kennan Gould,Brazil,Minas Gerais,Divinópolis,"-33.755232256, -13.9733553152",71,Belgium,11/29/1952
phelananthony@outlook.ci,865-4496 Praesent Rd.,07 36 13 26 55,Phelan Anthony,Peru,Junín,Tarma,"47.8258250752, 112.900244992",58,Mexico,08/15/1992
kieranjordan@aol.gh,898-9732 Mi Road,03 61 61 11 95,Kieran Jordan,Costa Rica,Limón,Siquirres,"-43.368201216, 26.1907625984",91,Mexico,09/05/1993
ottorussell5289@yahoo.org,808-2858 Eu Ave,03 69 45 86 82,Otto Russell,Australia,Western Australia,Canning,"-74.1284084736, -130.9066635264",59,South Korea,06/19/1967
brentsheppard9411@aol.edu,Ap #813-8591 Eget Av.,06 91 64 70 29,Brent Sheppard,South Korea,Gangwon,Gangneung,"30.1303185408, 22.103248896",68,South Africa,03/05/1956
ravenbarr@protonmail.edu,Ap #115-9183 Nisi Street,07 68 46 26 76,Raven Barr,South Korea,North Jeolla,Iksan,"42.6809749504, 23.5049760768",14,United Kingdom,05/17/1962
yokojones@protonmail.com,4211 Vivamus Street,03 54 36 82 80,Yoko Jones,Ukraine,Chernihiv oblast,Nizhyn,"63.4065833984, 12.2394458112",5,Chile,04/27/1945
desiraeacosta@google.sn,"P.O. Box 818, 6705 Sapien. Avenue",02 55 67 66 63,Desirae Acosta,Italy,Sicilia,Castellana Sicula,"-88.7974836224, 131.802778112",46,Chile,10/26/1997
camerantravis@yahoo.sn,"P.O. Box 724, 2448 Dignissim. St.",02 65 86 81 68,Cameran Travis,Spain,Euskadi,Donosti,"-55.9011642368, 23.4555312128",42,Turkey,07/15/1950
darrelcrosby@google.gh,273-8019 Malesuada St.,07 89 20 39 99,Darrel Crosby,South Africa,Northern Cape,Kuruman,"11.7800728576, 44.216521216",71,Norway,03/01/1980
sarahherman3828@protonmail.sn,865-330 Dapibus Rd.,06 60 21 36 60,Sarah Herman,Chile,Coquimbo,Canela,"57.7926750208, 27.5220767744",16,Netherlands,11/21/1968
hilarylopez@hotmail.sn,Ap #717-7665 Enim. St.,06 67 33 50 25,Hilary Lopez,Poland,Lubelskie,Zamość,"53.281449984, 163.4916975616",47,Ukraine,01/02/1949
stonepitts230@aol.ca,8291 Magna Av.,03 11 69 32 55,Stone Pitts,Poland,Opolskie,Kędzierzyn-Koźle,"15.0612617216, -160.8912380928",74,Turkey,01/18/1982
whileminafletcher@hotmail.edu,Ap #187-8376 Nisl Road,01 01 17 51 56,Whilemina Fletcher,Ireland,Munster,Cork,"-44.6964201472, -24.6653735936",98,South Korea,09/24/1974
tylernunez@yahoo.org,"P.O. Box 799, 5034 Vitae Ave",03 44 36 38 31,Tyler Nunez,United States,Alaska,Juneau,"-4.1216684032, -39.8073091072",37,Brazil,11/21/1952
elizabethortega3323@outlook.sn,Ap #792-5526 Molestie. St.,08 67 12 44 51,Elizabeth Ortega,India,Haryana,Karnal,"-16.0132289536, 89.433805312",32,Brazil,05/21/1996
alexandrareed@yahoo.edu,Ap #184-1969 Donec Road,05 75 59 25 55,Alexandra Reed,Nigeria,Katsina,Funtua,"63.7216482304, -7.400659968",55,Canada,05/13/1970
abdulchapman9140@outlook.gh,"733-8967 Consequat, Ave",07 02 06 23 74,Abdul Chapman,Russian Federation,Kirov Oblast,Kirov,"49.0629543936, 143.9079958528",71,Pakistan,05/21/1960
markweeks@protonmail.gh,Ap #997-3408 Tristique Rd.,02 30 66 12 14,Mark Weeks,Australia,Queensland,Hervey Bay,"-50.6426149888, 18.7475407872",24,Colombia,01/27/1959
guineverepowell@google.couk,"8392 Consectetuer, Av.",07 44 67 86 74,Guinevere Powell,France,Aquitaine,Pessac,"-31.4982981632, -101.336692736",32,Netherlands,11/30/1974
carlosle8850@google.edu,783-7850 Malesuada St.,04 48 04 26 34,Carlos Le,Brazil,Minas Gerais,Ipatinga,"-2.8190849024, -47.50281984",48,Indonesia,09/23/1969
elizabethbuckner@yahoo.sa,148-4805 Felis. St.,05 79 34 78 80,Elizabeth Buckner,Brazil,São Paulo,Campinas,"-2.6910205952, 129.964613632",57,Peru,10/31/1962
lauraevans638@hotmail.edu,"Ap #780-580 Enim, St.",06 48 52 74 65,Laura Evans,Austria,Carinthia,Völkermarkt,"-51.91161088, -48.2269026304",53,Sweden,06/17/1987
teaganklein2291@google.couk,Ap #909-5343 Aenean St.,02 67 92 63 05,Teagan Klein,Norway,Viken,Drammen,"-26.0737926144, -50.0513352704",39,Canada,11/08/1964
kellywheeler6993@google.edu,Ap #377-7630 Dolor Road,02 24 14 27 94,Kelly Wheeler,Turkey,Gaziantep,Nizip,"6.416757248, 73.828313088",16,Chile,12/10/1998
teegankey3895@google.couk,"576-6891 Tellus, St.",02 81 75 12 16,Teegan Key,Ukraine,Ternopil oblast,Chortkiv,"24.0893402112, 28.8288334848",66,Netherlands,10/07/1989
keanealvarado@icloud.gh,Ap #859-8036 Ultricies St.,03 22 92 32 88,Keane Alvarado,United Kingdom,Ayrshire,Irvine,"30.7252539392, -121.890173952",88,Vietnam,06/01/1984
rhiannoncruz@outlook.com,4754 Pellentesque Ave,07 18 68 77 85,Rhiannon Cruz,Brazil,Rio Grande do Sul,Santa Maria,"89.6697677824, -4.678630912",71,Australia,08/05/1985
guypatrick2061@icloud.com,230-1221 In Road,02 27 53 53 84,Guy Patrick,Ireland,Leinster,Dublin,"35.9253184512, 31.1125666816",44,Singapore,12/12/1967
melindarivers8453@aol.gh,Ap #879-6272 Mi Rd.,05 13 26 78 26,Melinda Rivers,Poland,Lubuskie,Gorzów Wielkopolski,"-61.038450176, 137.6445452288",21,Colombia,12/14/1993
vedahendricks3607@protonmail.org,"P.O. Box 450, 1198 Enim. Rd.",09 66 63 36 81,Veda Hendricks,Nigeria,Delta,Sapele,"-66.0712641536, 54.8260857856",60,Brazil,04/16/1961
yoshiolawrence1194@protonmail.edu,"P.O. Box 245, 8417 Eget Ave",07 28 16 93 45,Yoshio Lawrence,New Zealand,North Island,Taupo,"22.3035144192, 120.2126565376",55,Brazil,09/11/1954
hedynorman@icloud.sa,669-3812 Vulputate Av.,02 72 66 48 56,Hedy Norman,Ireland,Leinster,Dublin,"82.4072187904, -99.044747776",79,Pakistan,02/13/1974
risaray5354@protonmail.net,6054 Pede. Av.,07 15 75 77 58,Risa Ray,Spain,Castilla y León,León,"54.4771028992, 160.3138315264",101,Austria,09/22/1973
harrisonbritt4460@hotmail.sn,Ap #716-5886 Proin St.,03 26 93 96 59,Harrison Britt,Colombia,Santander,Piedecuesta,"-25.719929856, -65.8268178432",87,United States,03/25/1967
henrybell4754@aol.com,Ap #753-2185 Imperdiet St.,05 73 65 09 29,Henry Bell,Brazil,Paraná,Paranaguá,"-52.2291058688, -131.1739136",30,Australia,07/07/1991
damianfrederick@aol.ca,9577 A Rd.,01 80 53 36 11,Damian Frederick,Singapore,North Region,Lim Chu Kang,"77.793309184, -17.4920476672",49,New Zealand,08/05/1991
randallstewart4812@hotmail.sn,Ap #896-2383 Ridiculus Av.,06 02 16 51 92,Randall Stewart,Ukraine,Zaporizhzhia oblast,Berdiansk,"24.96862464, -127.481276416",28,South Korea,04/08/1970
noralambert664@aol.sa,"Ap #112-6982 Elit, Rd.",06 84 82 71 78,Nora Lambert,United Kingdom,Berkshire,Wokingham,"-84.2804240384, -29.6523451392",98,Indonesia,08/21/1994
noellemills@outlook.org,"P.O. Box 640, 5363 Neque Av.",05 66 53 43 01,Noelle Mills,Canada,British Columbia,Stewart,"-0.3947972608, 144.9863554048",58,Sweden,06/17/1965
chelseapope@outlook.edu,"P.O. Box 183, 752 Interdum. Ave",04 46 87 76 68,Chelsea Pope,Chile,Atacama,Caldera,"76.1457349632, 177.315900928",63,United States,02/19/1998
alisahartman2624@hotmail.gh,8206 Consequat St.,05 58 08 11 69,Alisa Hartman,Poland,Podlaskie,Suwałki,"24.6889977856, -97.2036235264",94,Netherlands,12/02/1952
carapittman@aol.ci,816-9293 Donec Street,07 44 67 73 81,Cara Pittman,South Korea,North Chungcheong,Chungju,"29.1694133248, 50.0437625856",23,Canada,08/26/1964
minervaholder@yahoo.couk,"P.O. Box 937, 8510 Magna. Avenue",08 75 63 77 17,Minerva Holder,Chile,O'Higgins,Codegua,"-55.5923818496, -108.9188161536",77,Australia,05/10/1960
irenecobb4447@aol.org,"267-3536 Non, Ave",02 14 31 68 50,Irene Cobb,Costa Rica,Cartago,San Rafael,"-52.914636288, 12.8117992448",13,New Zealand,02/17/1949
vannabattle1600@outlook.ci,748-4310 Nulla St.,04 04 56 12 06,Vanna Battle,France,Lorraine,Vandoeuvre-lès-Nancy,"65.0844535808, -112.4364253184",2,Philippines,05/06/1986
cedricsteele@aol.org,436-846 Arcu Rd.,05 68 25 23 61,Cedric Steele,China,Huáběi,Shanxi,"31.7037375488, -26.0529210368",76,Poland,08/14/1953
ahmedcleveland@hotmail.couk,"Ap #509-5232 Nec, Road",02 13 91 58 48,Ahmed Cleveland,Philippines,Bicol Region,Ligao,"-54.8723972096, 20.2822990848",54,Philippines,02/08/1978
erichbrady8996@hotmail.sa,Ap #930-9228 Egestas Rd.,05 54 46 89 89,Erich Brady,South Korea,North Chungcheong,Chungju,"3.0798675968, -53.1899508736",30,South Africa,01/23/2000
ezragiles3527@outlook.ca,343-3320 Non Street,01 82 78 40 22,Ezra Giles,Australia,Northern Territory,Darwin,"-84.979508736, -29.1588644864",8,Italy,03/19/1951
jaelsteele7720@protonmail.gh,"P.O. Box 469, 3668 Arcu Road",04 63 54 55 72,Jael Steele,Poland,Wielkopolskie,Poznań,"-7.4829319168, 31.27908608",14,Netherlands,03/05/1996
fayyang@google.edu,Ap #356-5893 Ultricies Av.,06 60 54 73 62,Fay Yang,China,Dōngběi,Jilin,"-56.2725348352, -85.0017366016",54,Nigeria,09/04/1991
castorayala@hotmail.sa,Ap #513-1937 Fermentum Rd.,02 87 25 88 00,Castor Ayala,Costa Rica,Alajuela,Alajuela,"-19.6293060608, 170.2694550528",30,Colombia,05/27/1995
urielleellison@icloud.edu,"393-4883 Pellentesque, Avenue",03 71 37 68 57,Urielle Ellison,Austria,Styria,Leoben,"-56.8802613248, -161.0709060608",77,Austria,08/06/1968
jenanixon4000@yahoo.couk,2134 Donec Rd.,05 32 42 55 84,Jena Nixon,Turkey,Kayseri,Yahyalı,"70.439610368, -157.4458848256",62,Canada,05/21/1984
augustmeyer@protonmail.edu,320-2062 Tortor. Road,07 41 82 62 27,August Meyer,Australia,South Australia,Port Lincoln,"88.8889869312, 160.3336620032",17,Singapore,05/08/1958
lionelcharles9171@outlook.ca,"676-9103 Est, St.",02 57 31 76 44,Lionel Charles,Ukraine,Dnipropetrovsk oblast,Kryvyi Rih,"-3.977040896, -171.0801506304",55,Singapore,04/12/1993
kenyonglass8855@icloud.ci,597-3077 Non St.,06 21 67 34 71,Kenyon Glass,Vietnam,Thái Bình,Diêm Điền,"-57.7516224512, -136.6723591168",17,Colombia,09/24/1968
francescaperez@outlook.ci,825-1362 Ipsum. Road,03 62 20 58 92,Francesca Perez,Costa Rica,Heredia,San Francisco,"-56.5175747584, 54.5250432",77,Belgium,11/12/1982
guygillespie2232@icloud.ci,Ap #457-4651 Arcu. Rd.,09 88 40 76 82,Guy Gillespie,Germany,Berlin,Berlin,"-72.520674304, 72.9619780608",3,Ukraine,01/02/1997
griffithpetty5536@icloud.ci,3478 Aliquet St.,01 47 84 57 04,Griffith Petty,Turkey,Istanbul,Istanbul,"-50.228471296, 34.450767872",11,South Africa,03/09/1997
willowkramer6223@protonmail.sa,832-4311 Pellentesque Avenue,05 55 24 13 55,Willow Kramer,South Africa,Western Cape,Bellville,"36.9209092096, 151.4883232768",53,Sweden,01/17/1961
barbarasnyder@aol.sn,Ap #851-530 Turpis Av.,01 46 53 96 45,Barbara Snyder,France,Pays de la Loire,Cholet,"18.0161570816, 54.8968720384",44,Vietnam,03/24/1986
allensolis7640@outlook.sa,Ap #747-642 Nec Rd.,07 48 51 85 79,Allen Solis,Sweden,Jönköpings län,Vetlanda,"-72.505900032, -40.2627956736",69,Russian Federation,10/23/1975
cyruspeterson@protonmail.com,681-8331 Amet Avenue,06 88 40 65 33,Cyrus Peterson,Peru,Puno,Puno,"-9.2630402048, 88.5652836352",57,Pakistan,12/07/1968
lylesparks7152@hotmail.org,"P.O. Box 511, 8762 Non St.",04 82 40 65 48,Lyle Sparks,Italy,Friuli-Venezia Giulia,Polcenigo,"6.620148224, -125.8264131584",34,Colombia,07/03/1972
marthatucker7367@hotmail.net,Ap #233-4084 Massa. Street,07 94 80 82 18,Martha Tucker,Indonesia,Aceh,Banda Aceh,"-73.3357632512, -79.5142595584",28,Vietnam,12/09/1951
mckenziehampton5988@protonmail.ci,8355 Risus. Road,08 76 64 43 68,McKenzie Hampton,Sweden,Stockholms län,Tumba,"-80.7458345984, 178.0609004544",39,Pakistan,10/20/1957
stellaowens@aol.gh,"P.O. Box 110, 3418 Fusce Road",03 64 54 18 33,Stella Owens,Ireland,Connacht,Galway,"-0.0530101248, 84.7711618048",11,Costa Rica,07/04/1978
levihumphrey7488@icloud.org,Ap #633-2456 Quis Rd.,07 23 13 48 57,Levi Humphrey,Austria,Vorarlberg,Götzis,"-24.960666624, 14.5829522432",94,Spain,11/20/1960
michellemcmahon@icloud.ci,Ap #497-5421 Tempus Rd.,08 36 99 18 21,Michelle Mcmahon,South Korea,Gangwon,Wonju,"19.3474238464, 117.9346171904",49,Costa Rica,07/22/1993
clintonhart@icloud.gh,Ap #549-7835 Venenatis St.,07 78 15 35 04,Clinton Hart,South Korea,South Jeolla,Mokpo,"79.5097243648, -91.2157867008",46,Mexico,08/24/1957
whileminachapman3637@protonmail.sa,4759 Diam Ave,07 23 15 07 48,Whilemina Chapman,Australia,Tasmania,Devonport,"-18.1709863936, -47.8820219904",69,Mexico,08/02/1958
freyaboyle9463@yahoo.edu,511-2783 Malesuada St.,02 71 12 55 58,Freya Boyle,Poland,Lubuskie,Gorzów Wielkopolski,"80.9456731136, -76.8312590336",63,South Africa,12/23/1999
calistapope@yahoo.edu,1941 Fermentum St.,02 30 35 08 68,Calista Pope,Colombia,Quindío,Armenia,"-73.333961728, -77.625571328",34,United Kingdom,06/23/1975
quinmcclure5102@protonmail.couk,"P.O. Box 876, 7786 Class Rd.",01 48 36 03 46,Quin Mcclure,South Africa,Western Cape,Simon's Town,"30.4355396608, 123.2316772352",53,Russian Federation,11/18/1992
auroracampbell6589@aol.edu,522-5553 Magna Ave,03 18 21 50 23,Aurora Campbell,Colombia,Tolima,Ibagué,"-32.1186765824, -151.6727155712",11,Sweden,09/03/1999
reubennieves@google.edu,"P.O. Box 573, 5747 Eget Avenue",03 25 27 55 74,Reuben Nieves,Spain,Canarias,Las Palmas,"-35.1992287232, -8.5198491648",55,China,03/26/1958
ilianapotter7825@aol.sa,"P.O. Box 174, 6880 Eget Road",04 03 51 27 83,Iliana Potter,Pakistan,Balochistan,Harnai,"74.9468393472, 166.5972545536",45,Spain,03/08/1951
simonepalmer8843@protonmail.ca,Ap #369-994 Nisl St.,05 48 99 61 16,Simone Palmer,Nigeria,Rivers,Port Harcourt,"-56.5671830528, 156.9161029632",5,Costa Rica,04/17/1992
vladimiralvarez6604@google.couk,Ap #984-4097 Magna Avenue,08 11 13 76 31,Vladimir Alvarez,United States,Wisconsin,Kenosha,"3.062273024, 153.9445721088",38,Indonesia,07/28/1980
xavierboyle8696@outlook.net,Ap #375-7497 Semper Ave,08 70 54 13 38,Xavier Boyle,Austria,Vienna,Vienna,"-29.807212032, 164.9699436544",30,Canada,05/10/1967
reginajuarez@icloud.net,539-8116 At Road,01 76 46 08 16,Regina Juarez,Norway,Nordland,Bodø,"80.8143207424, 134.6159438848",29,Indonesia,02/04/1968
georgiagutierrez@hotmail.sa,438-1890 Non Ave,08 53 35 63 53,Georgia Gutierrez,Italy,Sardegna,Ollolai,"27.9333731328, -20.7393534976",38,Colombia,11/04/1985
tanyavalentine@aol.gh,"P.O. Box 697, 9012 Risus Ave",09 76 03 35 75,Tanya Valentine,China,Huáběi,Tianjin,"-15.8466249728, -71.8362380288",94,New Zealand,02/06/1993
samuelchristian@aol.ca,657-9551 Ut Rd.,06 45 46 32 24,Samuel Christian,United States,Virginia,Richmond,"-4.2209309696, 84.891938304",61,Nigeria,11/28/1961
carasanchez6915@yahoo.sa,316-7027 Pede St.,02 51 36 47 40,Cara Sanchez,Peru,Lima,Huacho,"-10.933763072, -33.9415452672",68,United States,06/22/1957
aidangibson5234@google.org,Ap #571-4780 Etiam St.,07 64 67 80 88,Aidan Gibson,Poland,Kujawsko-pomorskie,Toruń,"-67.2054244352, -176.5618254848",70,Ireland,06/25/1999
yardleywarner9411@aol.sn,"Ap #763-2857 A, Av.",08 24 88 64 82,Yardley Warner,Germany,Saarland,Völklingen,"-4.9428530176, -164.5004606464",64,Peru,09/22/1977
chadwickburns3499@yahoo.gh,Ap #343-9215 Risus. St.,06 11 80 87 61,Chadwick Burns,China,Xīběi,Xinjiang,"-49.9155172352, 72.329628672",49,South Africa,05/11/1960
aikodelacruz@aol.ci,Ap #382-8438 Sed Ave,08 45 53 28 85,Aiko Delacruz,Italy,Piemonte,Rueglio,"13.4044811264, -4.842809344",48,France,06/18/1946
darashelton@yahoo.edu,Ap #862-3356 Metus Rd.,03 14 75 49 02,Dara Shelton,United States,Minnesota,Bloomington,"-49.5285725184, 112.0795205632",21,China,04/14/1955
echospencer7712@outlook.ci,"P.O. Box 114, 9939 Sed Av.",04 72 25 36 47,Echo Spencer,Brazil,Maranhão,Paço do Lumiar,"74.4767501312, -146.2977135616",88,Costa Rica,10/05/1977
isaiahatkinson4219@outlook.sa,Ap #145-7716 Gravida St.,04 25 32 17 85,Isaiah Atkinson,Nigeria,Bauchi,Bauchi,"61.1586819072, 80.4621278208",35,Costa Rica,07/10/1998
stewartbuchanan2636@google.com,676-9271 Id Road,07 36 56 24 24,Stewart Buchanan,Chile,Coquimbo,La Higuera,"42.1727120384, 10.7844337664",44,Poland,11/02/1976
aprilhaynes8354@google.com,Ap #807-7499 Nunc Ave,06 83 18 36 68,April Haynes,Norway,Troms og Finnmark,Hammerfest,"-85.7282661376, -23.6106520576",43,Norway,09/15/2000
emmalester8910@hotmail.sa,5395 Non Av.,09 99 38 61 24,Emma Lester,Indonesia,West Papua,Manokwari,"-7.1107697664, -18.5501401088",32,China,06/17/1970
toddhopkins@google.sa,Ap #571-1039 Phasellus Road,04 67 13 14 38,Todd Hopkins,Turkey,Balıkesir,Bandırma,"39.3029599232, -148.7516717056",95,Costa Rica,10/22/1967
barryparks2694@protonmail.edu,739-5495 Vitae St.,04 53 70 94 17,Barry Parks,Russian Federation,Sevastopol City,Sevastopol,"-59.0539049984, -51.0385159168",52,Ireland,12/23/1961
calebmooney@outlook.ca,2860 Ut Avenue,06 53 45 66 18,Caleb Mooney,India,Delhi,Delhi,"-13.2440163328, -169.5439254528",100,Colombia,06/04/1972
sybilfaulkner@yahoo.edu,292-5180 Eget Av.,01 31 84 78 73,Sybil Faulkner,Vietnam,Bắc Kạn,Bắc Kạn,"-76.8849963008, -101.5406170112",71,Sweden,03/13/1993
cynthiasullivan1387@google.gh,532-8365 Ut Street,02 17 68 37 99,Cynthia Sullivan,Brazil,Bahia,Salvador,"40.471693312, 68.346172416",19,France,11/04/1949
calebchang@outlook.ca,"P.O. Box 203, 7809 Ullamcorper. Rd.",08 36 41 24 22,Caleb Chang,Colombia,Norte de Santander,Villa del Rosario,"20.816743936, 20.5657040896",89,Germany,12/31/1982
garynolan@yahoo.couk,724 Blandit. Rd.,04 42 06 21 24,Gary Nolan,Peru,Loreto,Yurimaguas,"45.4662071296, -19.0823835648",98,Austria,01/08/1994
joelleayala4409@outlook.org,2821 Ut Avenue,02 55 98 32 28,Joelle Ayala,Austria,Tyrol,Innsbruck,"18.4838352896, 174.8350988288",25,Vietnam,11/24/1969
robertanthony3531@outlook.couk,Ap #236-5713 Amet Ave,03 85 13 78 87,Robert Anthony,Australia,Tasmania,Devonport,"87.6243267584, 45.7737905152",74,Singapore,03/28/1986
bellwynn6932@protonmail.gh,Ap #174-6192 Sapien. Street,05 65 17 68 25,Bell Wynn,Germany,Hessen,Wiesbaden,"-74.5728502784, 105.5506965504",53,Mexico,05/11/1959
barclayconley9576@google.gh,"Ap #197-982 Eu, Rd.",06 82 33 05 53,Barclay Conley,Ireland,Leinster,Dublin,"-78.7311213568, 135.8420948992",61,India,02/24/1978
rinahenson9871@icloud.couk,956-3037 Ipsum Av.,05 38 52 96 53,Rina Henson,Sweden,Västra Götalands län,Trollhättan,"-35.2168305664, 13.2890427392",86,Mexico,01/15/1953
madisondennis7481@hotmail.sn,430-9474 Egestas. Rd.,07 82 87 23 85,Madison Dennis,Russian Federation,Oryol Oblast,Oryol,"-6.67741952, -70.9023844352",77,Singapore,06/11/1961
oraratliff@protonmail.edu,8533 Nunc Avenue,09 11 36 47 25,Ora Ratliff,United States,Alaska,Anchorage,"66.0116079616, 142.3549801472",99,New Zealand,07/31/1979
tanamcgowan@aol.gh,209-9245 Vulputate St.,03 49 25 21 86,Tana Mcgowan,Ireland,Ulster,Belfast,"-59.2724831232, -173.6742441984",86,Brazil,08/09/1978
conanbryant@google.ci,"294-7060 Eu, Street",05 36 64 32 43,Conan Bryant,Poland,Podlaskie,Białystok,"-49.8859958272, -40.298179072",99,Costa Rica,12/15/1974
fleurnash7275@google.ci,Ap #621-1710 Tincidunt St.,01 77 43 54 59,Fleur Nash,Singapore,West Region,Boon Lay,"74.262593536, -119.0797106176",67,Russian Federation,01/14/1996
ruthcantu@protonmail.com,Ap #439-1305 Dolor. St.,05 53 87 20 31,Ruth Cantu,Brazil,Rio de Janeiro,Campos dos Goytacazes,"63.69017088, 23.0007955456",77,Spain,01/23/1991
coltondoyle608@icloud.sa,9716 Orci Ave,03 33 53 43 33,Colton Doyle,Turkey,Diyarbakır,Silvan,"-46.865691648, -96.1541209088",4,Belgium,02/19/1997
rhodaparrish@outlook.couk,Ap #140-7256 Nunc St.,05 01 38 54 89,Rhoda Parrish,Norway,Rogaland,Jørpeland,"-86.7488620544, 62.6718768128",51,Singapore,07/02/1979
kiaralevy@icloud.gh,140-6081 Suspendisse Ave,03 79 42 77 06,Kiara Levy,Brazil,Ceará,Fortaleza,"-29.3214155776, 131.078874624",30,Colombia,07/15/1987
haydenthomas@aol.sa,"306-7469 Ornare, Ave",07 11 33 77 83,Hayden Thomas,India,Mizoram,Aizwal,"66.1918401536, -0.1323728896",32,Sweden,12/14/1961
mackenzierobbins874@protonmail.ca,Ap #925-1090 Sed Road,03 39 81 75 04,MacKenzie Robbins,New Zealand,North Island,Morrinsville,"60.4654982144, 102.400061952",92,Belgium,04/28/1958
hallkent356@yahoo.edu,300-5097 Interdum Street,02 63 15 86 41,Hall Kent,Australia,Tasmania,Launceston,"-42.9424157696, -179.0696579072",100,India,05/10/1947
hamishgoff@outlook.edu,277-7222 Dis Ave,07 86 60 13 24,Hamish Goff,Turkey,Hatay,Reyhanlı,"74.152472064, 126.2478098432",68,United Kingdom,08/11/1972
avalandry7696@icloud.net,661-1582 Eu Avenue,08 10 26 21 57,Ava Landry,Brazil,Paraná,Colombo,"-21.1638025216, 141.702491136",62,Spain,07/23/1986
griffinsantos9460@aol.com,Ap #373-9012 Ipsum. St.,02 85 75 41 52,Griffin Santos,Ukraine,Vinnytsia oblast,Haisyn,"-21.3267214336, -125.098386432",31,Pakistan,06/09/1969
austinsalinas@google.sn,"P.O. Box 457, 8190 Eget Ave",02 15 78 61 74,Austin Salinas,Vietnam,Đồng Tháp,Cao Lãnh,"12.8992330752, -133.7669741568",92,Austria,10/09/1967
nathanblake@outlook.gh,"1359 Id, Rd.",04 43 78 24 23,Nathan Blake,Peru,Puno,Puno,"-47.9628638208, 25.404190208",82,Brazil,04/25/1971
echoskinner@aol.org,Ap #638-7808 Eros Rd.,02 33 25 43 38,Echo Skinner,Australia,Queensland,Charters Towers,"88.9819051008, -9.5941507072",99,China,11/06/1955
murphybowen9635@hotmail.edu,Ap #871-6272 In St.,09 80 71 78 97,Murphy Bowen,South Korea,Gyeonggi,Pocheon,"16.1122884608, -66.6363395072",58,Chile,03/15/1960
marahcalderon3942@hotmail.org,401-7284 Suspendisse Av.,07 48 10 32 42,Marah Calderon,Peru,Cajamarca,Cajamarca,"82.8806920192, 12.6291351552",15,China,08/27/1968
levmccormick8090@outlook.edu,"113-1439 Orci, Road",05 72 78 27 55,Lev Mccormick,United Kingdom,Westmorland,Kirkby Lonsdale,"-29.5478977536, 102.4623192064",32,Brazil,01/26/1951
cruzparks@icloud.gh,"P.O. Box 697, 4719 Eros. St.",02 59 39 23 62,Cruz Parks,Peru,Cusco,Cusco,"34.0452399104, -49.8954331136",93,Brazil,02/09/1948
adrianpowell2391@aol.sa,7787 Aliquet Ave,07 68 65 61 27,Adrian Powell,Brazil,Pernambuco,Recife,"79.2788481024, 38.1346700288",33,Ukraine,06/16/1957
garrettconrad@aol.edu,396-9001 Ante Avenue,05 75 14 75 41,Garrett Conrad,Colombia,Caldas,Manizales,"-60.0443332608, 124.52742912",55,Sweden,02/14/1971
debrasutton5579@aol.net,Ap #822-1550 Lobortis Street,01 06 59 11 86,Debra Sutton,Chile,Coquimbo,Río Hurtado,"-2.3930764288, -167.9884812288",30,United Kingdom,07/22/1951
kevynyork497@protonmail.com,"P.O. Box 904, 6821 Lectus Rd.",02 32 40 06 55,Kevyn York,Germany,Bremen,Bremen,"65.6725500928, -3.1983236096",90,Sweden,07/13/1975
madalinelucas4021@outlook.net,"P.O. Box 421, 887 Velit Street",06 66 82 64 11,Madaline Lucas,Netherlands,Gelderland,Zaltbommel,"40.4995987456, -87.999049728",27,Costa Rica,01/28/1990
erinsnyder@yahoo.gh,"P.O. Box 590, 9454 Eu St.",02 14 36 25 53,Erin Snyder,United Kingdom,Durham,Stockton-on-Tees,"-51.2855141376, 175.356883456",4,Turkey,04/26/1984
griffithpage6791@icloud.org,"P.O. Box 380, 551 Diam Rd.",05 53 16 78 51,Griffith Page,Mexico,Guanajuato,Celaya,"54.2171006976, -88.4852840448",93,Turkey,11/22/1989
ottopeters527@google.edu,Ap #888-4371 Natoque Ave,08 13 42 16 33,Otto Peters,Netherlands,Limburg,Meldert,"-56.3607937024, -123.6405110784",27,France,06/23/1967
brennaanderson2346@aol.ci,"110 Enim, Av.",06 97 84 59 43,Brenna Anderson,Brazil,Maranhão,Bacabal,"-40.5149333504, -98.5802217472",6,Brazil,05/25/1971
brynnegriffin2935@aol.gh,167-8121 Id Avenue,03 70 10 59 74,Brynne Griffin,Ireland,Leinster,Dublin,"-1.328873472, 99.6986748928",76,Colombia,07/17/1952
merrilllevine4043@outlook.ca,"7963 Tortor, Rd.",08 21 23 66 97,Merrill Levine,Mexico,Querétaro,San Juan del Río,"-55.1706461184, 130.452397056",76,South Korea,08/18/1998
alfonsofrye1004@protonmail.edu,Ap #133-4389 Vestibulum Rd.,06 60 26 56 71,Alfonso Frye,Poland,Swiętokrzyskie,Starachowice,"-15.8897599488, -145.1180357632",31,Belgium,12/28/1976
grayhewitt@icloud.couk,468-4382 Enim St.,03 35 78 12 74,Gray Hewitt,Russian Federation,Ulyanovsk Oblast,Ulyanovsk,"-53.8625923072, -127.0781254656",14,Nigeria,10/07/1944
davidewing7996@aol.ca,Ap #275-6809 Natoque Rd.,01 94 58 72 75,David Ewing,Canada,Alberta,Leduc,"30.9713544192, 13.892340736",88,Italy,11/22/1970
francisstanton@icloud.couk,"Ap #597-3018 Ac, Road",03 77 43 71 32,Francis Stanton,South Africa,Eastern Cape,Alice,"-62.84939264, 26.8804221952",5,France,05/18/1983
morganleon@hotmail.couk,914-4817 Est Rd.,08 83 85 93 11,Morgan Leon,Australia,New South Wales,Armidale,"-8.21919488, 179.2950336512",8,Sweden,07/02/1998
alicemejia@yahoo.net,Ap #669-1842 Sociis Rd.,07 32 21 42 79,Alice Mejia,Norway,Trøndelag,Steinkjer,"-70.9198902272, -32.1235705856",99,Australia,12/28/1986
constancepatel@outlook.ci,"837-2148 Sed, Avenue",05 36 27 53 16,Constance Patel,Germany,Sachsen,Görlitz,"4.1621654528, -125.5626673152",41,Ukraine,08/13/1964
chesterwooten@hotmail.ci,Ap #277-1513 Facilisis Avenue,03 42 50 53 63,Chester Wooten,Costa Rica,Alajuela,San José de Alajuela,"-88.2659705856, -174.2643587072",50,Australia,07/17/1971
avyeluna4741@outlook.com,Ap #803-7976 Amet Road,01 25 38 15 06,Avye Luna,Canada,Ontario,Owen Sound,"-85.049350144, 28.2199969792",14,China,10/19/1986
minervaowen415@outlook.org,8516 Ac Ave,08 38 72 62 66,Minerva Owen,Austria,Salzburg,Wals-Siezenheim,"3.011436032, 167.4474722304",36,Sweden,06/27/1979
rosscervantes@aol.org,2187 Sapien. Av.,03 21 64 67 94,Ross Cervantes,Chile,Atacama,Diego de Almagro,"-6.5947575296, -87.1984540672",10,Pakistan,07/03/1949
eaganbridges4663@icloud.ca,"669-1663 Amet, Avenue",07 57 15 73 14,Eagan Bridges,Poland,Dolnośląskie,Wałbrzych,"-63.7099512832, -150.2405071872",45,Italy,08/03/1956
carsonbriggs@icloud.ca,103-2566 Convallis St.,08 57 73 38 85,Carson Briggs,Poland,Lubuskie,Zielona Góra,"73.9414182912, 146.6352973824",9,Costa Rica,03/24/1950
codysmall8476@icloud.com,"P.O. Box 286, 254 Lorem Street",06 61 37 11 82,Cody Small,India,Punjab,Pak Pattan,"-36.0860409856, -158.3662503936",82,Belgium,03/15/1974
charlottegross@hotmail.sa,Ap #239-3318 Urna. Avenue,08 92 14 39 12,Charlotte Gross,Vietnam,Đồng Tháp,Cao Lãnh,"-87.985998848, -90.8132801536",36,Spain,12/20/1978
leahanthony27@aol.ca,133-5463 Dapibus Avenue,01 36 71 58 52,Leah Anthony,Ukraine,Zakarpattia oblast,Mukachevo,"-30.2702005248, 104.94877184",93,Austria,10/26/1947
xandraallison9354@yahoo.gh,"Ap #847-1301 Nec, St.",09 36 58 88 17,Xandra Allison,Philippines,Zamboanga Peninsula,Pagadian,"43.473225216, 85.9502416896",87,Peru,09/13/1964
noelhickman1885@hotmail.gh,Ap #744-3344 Nulla. Street,04 70 27 64 68,Noel Hickman,Singapore,West Region,Bukit Batok,"-56.8463475712, -170.3152693248",62,Mexico,08/20/1964
karenmcneil@hotmail.gh,Ap #694-5886 At Rd.,03 10 03 43 33,Karen Mcneil,India,Uttar Pradesh,Faizabad,"9.256402944, -74.8623094784",25,India,04/26/1947
leoestrada9884@yahoo.com,384-2723 Ipsum Rd.,04 69 68 98 51,Leo Estrada,Australia,Tasmania,Devonport,"-63.9025593344, -13.0602079232",96,Vietnam,02/06/1991
keeliedoyle4633@aol.net,4626 A Rd.,06 25 32 17 65,Keelie Doyle,Russian Federation,Chelyabinsk Oblast,Katav-Ivanovsk,"-4.6298540032, 178.3574555648",22,Ireland,02/26/1949
faybrady@aol.org,"P.O. Box 146, 1630 Enim St.",09 36 31 31 15,Fay Brady,Netherlands,Noord Brabant,Geertruidenberg,"84.0934418432, -81.7491689472",39,Germany,01/16/1980
britannijuarez2041@google.edu,7829 Fringilla Av.,06 14 89 36 83,Britanni Juarez,Colombia,Huila,Neiva,"81.7922102272, -65.4595093504",73,Mexico,06/26/1955
illianaroman@hotmail.org,Ap #372-545 Cras Rd.,03 64 31 74 71,Illiana Roman,Indonesia,Jambi,Sungai Penuh,"-33.222464, -138.42498304",28,Costa Rica,06/01/1955
adelemaynard@protonmail.ca,376-7440 Erat Road,06 81 72 12 52,Adele Maynard,Italy,Emilia-Romagna,Sant'Agata sul Santerno,"-72.1615434752, -58.6507564032",92,New Zealand,11/22/1982
piperharrison9913@protonmail.edu,313-1601 Malesuada. Road,07 23 71 84 85,Piper Harrison,Ukraine,Mykolaiv oblast,Mykolaiv,"-24.5280060416, 123.8361665536",43,Ukraine,06/28/1950
carlydominguez@icloud.couk,"P.O. Box 177, 7984 Ligula. Road",08 33 05 46 22,Carly Dominguez,France,Aquitaine,Saint-Médard-en-Jalles,"50.3934558208, 92.8678979584",75,Australia,09/04/1971
thaneberg@outlook.sa,929-7953 Tincidunt. Street,02 78 21 28 81,Thane Berg,South Korea,Gyeonggi,Hanam,"-68.1257892864, 109.9201902592",72,Ukraine,07/12/1969
davidsargent@hotmail.net,Ap #700-1258 Arcu. St.,02 48 52 19 88,David Sargent,Mexico,Baja California,Mexicali,"-26.9350962176, 8.9475089408",13,Singapore,04/12/1958
dalehodges6781@protonmail.sa,Ap #717-3310 Pellentesque Road,07 55 62 09 08,Dale Hodges,United States,Georgia,Atlanta,"-61.950553088, 116.920600064",18,Brazil,04/08/1956
nerobarber@aol.edu,7805 Ante Rd.,01 43 20 82 60,Nero Barber,New Zealand,North Island,Upper Hutt,"83.586774016, 150.5645717504",10,Brazil,05/13/1978
walkersalazar7537@yahoo.net,Ap #130-8775 Ac St.,03 85 85 06 68,Walker Salazar,Brazil,São Paulo,Campinas,"40.0057621504, -169.5681668096",9,Turkey,06/12/1951
laceycooper6148@icloud.gh,Ap #868-8825 Consectetuer St.,06 34 66 53 24,Lacey Cooper,Singapore,East Region,Paya Lebar,"-58.6465306624, -107.5002724352",91,United Kingdom,09/16/1964
ebonyrosario@yahoo.edu,598-8280 Phasellus Avenue,02 26 78 22 76,Ebony Rosario,Pakistan,Azad Kashmir,Neelum Valley,"67.8047203328, 32.5225897984",49,Costa Rica,12/15/1981
hamishmoody445@icloud.ci,Ap #880-8400 Ac Street,09 65 20 43 52,Hamish Moody,Pakistan,Sindh,Hyderabad,"26.998082048, -117.3836324864",39,Vietnam,12/15/1966
nathaniellane@yahoo.org,477-1825 Sodales Street,05 24 36 48 18,Nathaniel Lane,Belgium,Luik,Thisnes,"11.6661308416, -63.1314783232",90,Canada,11/06/1952
madelinewaller@hotmail.ca,1685 Hendrerit Rd.,02 75 28 82 18,Madeline Waller,South Africa,Free State,Bethlehem,"-4.1688239104, -49.2635767808",4,India,04/10/1975
castordavenport9954@hotmail.org,Ap #850-1456 Natoque Ave,02 61 23 14 35,Castor Davenport,United Kingdom,Devon,Plymouth,"-25.1523725312, -41.7603899392",69,Poland,06/12/1945
tatemcfadden@protonmail.com,Ap #641-9716 Aliquam Rd.,06 47 64 82 61,Tate Mcfadden,Canada,Prince Edward Island,Stratford,"15.7717464064, -24.5485809664",20,Colombia,08/04/1951
brennamclaughlin7928@hotmail.org,117-1220 Vulputate Rd.,08 81 30 14 48,Brenna Mclaughlin,Germany,Brandenburg,Panketal,"-80.4085287936, -80.8679518208",7,United States,11/12/1987
guyriggs@yahoo.ca,960-1034 Ullamcorper Ave,02 15 59 39 95,Guy Riggs,Norway,Troms og Finnmark,Hammerfest,"1.7510059008, -155.4724716544",8,Turkey,08/08/1964
lanisolomon3863@google.net,Ap #115-5963 Massa Av.,06 39 93 44 15,Lani Solomon,Chile,O'Higgins,San Vicente,"-16.05338624, -88.191366144",93,Italy,06/27/1976
beaugarza@yahoo.sa,Ap #376-7567 Augue Road,09 06 83 78 86,Beau Garza,Costa Rica,San José,Patalillo,"-51.4406679552, 59.8619640832",15,United States,12/08/1949
roganjimenez@outlook.ci,"P.O. Box 664, 8579 A Rd.",02 77 26 15 38,Rogan Jimenez,Russian Federation,Bryansk Oblast,Zhukovka,"45.2288966656, 94.112820224",45,Austria,09/17/1966
malcolmgordon8564@yahoo.sn,3330 Porttitor Street,08 28 85 07 59,Malcolm Gordon,Chile,Valparaíso,Isla de Pascua,"51.6429261824, -146.4610958336",33,Philippines,12/23/1973
danaschneider7347@icloud.edu,6179 Tellus St.,08 23 76 53 37,Dana Schneider,Turkey,Gaziantep,Nizip,"19.6631903232, 162.528641024",19,Colombia,03/10/1956
kelseychen3354@yahoo.ca,798-7883 Ac Rd.,03 34 21 17 87,Kelsey Chen,United States,Michigan,Lansing,"66.1223254016, 66.3892011008",95,South Africa,08/19/1989
micahwalsh6966@aol.org,230-415 Auctor Road,04 55 46 18 85,Micah Walsh,Ireland,Leinster,Dublin,"57.336501248, -172.115615232",97,Indonesia,03/17/1985
laurelmorris7450@hotmail.com,6336 Cursus Av.,06 17 83 37 73,Laurel Morris,New Zealand,North Island,Dannevirke,"-86.4360347648, 175.7751983104",47,Brazil,02/14/1964
uriellestanton8695@protonmail.gh,Ap #653-8099 Enim Avenue,03 92 92 82 27,Urielle Stanton,Netherlands,Noord Brabant,Breda,"67.3108538368, -128.4320197632",97,Brazil,11/20/1953
raymondmiddleton@aol.ca,Ap #661-1377 Mi Ave,05 45 28 65 50,Raymond Middleton,Singapore,North-East Region,Punggol,"4.4712528896, 15.4448099328",4,Indonesia,02/01/1963
nicholesantos@yahoo.ci,2269 Imperdiet Rd.,05 67 53 26 24,Nichole Santos,Austria,Tyrol,Rum,"-41.70851584, 133.0941324288",64,Belgium,03/17/2000
yvetteevans@hotmail.sa,Ap #849-9723 Cras Street,06 72 08 32 35,Yvette Evans,Netherlands,Overijssel,Oldenzaal,"-61.7509812224, -30.9148573696",53,New Zealand,10/07/1956
caldwellwalsh9464@protonmail.sa,720-9157 Convallis Ave,06 56 32 66 16,Caldwell Walsh,Germany,Hessen,Bensheim,"18.095895552, -140.0468900864",62,Italy,10/10/1972
jordanunderwood@icloud.ca,Ap #708-9389 Dui St.,07 71 47 46 44,Jordan Underwood,Colombia,Valle del Cauca,Cali,"11.9296950272, -145.8100498432",65,South Korea,07/25/1970
quontownsend9015@hotmail.couk,Ap #496-7269 Convallis Avenue,05 87 64 52 68,Quon Townsend,Belgium,Waals-Brabant,Rebecq,"15.6141068288, 111.1703648256",29,Peru,10/28/1949
fletcherhanson7781@icloud.couk,"Ap #552-7183 Adipiscing, St.",05 73 81 59 46,Fletcher Hanson,Ukraine,Mykolaiv oblast,Mykolaiv,"18.143250432, -72.3790410752",61,South Africa,09/19/1978
paulazamora9383@hotmail.couk,452-9620 At Rd.,04 69 36 72 58,Paula Zamora,Mexico,Sinaloa,Mazatlán,"-83.3375460352, -111.9577449472",21,United Kingdom,08/20/1965
chasebryan3766@outlook.couk,219-3917 Ultricies Ave,07 88 36 27 78,Chase Bryan,Belgium,Luik,TrognŽe,"-5.659175424, -36.0091009024",97,Vietnam,05/06/1994
alanacampbell@aol.com,"P.O. Box 316, 984 Consequat, Avenue",07 52 91 26 46,Alana Campbell,Ukraine,Chernihiv oblast,Chernihiv,"-64.7442727936, 70.6314884096",15,Ukraine,10/14/1960
hoytford6636@icloud.org,Ap #865-930 Tellus Av.,01 35 23 63 83,Hoyt Ford,South Africa,Western Cape,Simon's Town,"-13.8327100416, -11.4446355456",59,New Zealand,11/23/1963
mackenziebyers7328@aol.ca,"Ap #507-8956 Tincidunt, St.",03 97 66 92 32,MacKenzie Byers,Singapore,West Region,Bukit Panjang,"18.1084837888, -132.189353472",19,Nigeria,02/24/1984
justinalandry8350@yahoo.com,"P.O. Box 407, 7303 Tincidunt, Rd.",06 55 42 81 42,Justina Landry,Austria,Burgenland,Frauenkirchen,"27.292101632, -127.5344623616",92,South Africa,09/24/1994
willowkeller8822@aol.sn,Ap #653-330 Est. Road,05 76 49 53 81,Willow Keller,Vietnam,Gia Lai,Pleiku,"-57.8422304768, 85.3689924608",1,Germany,04/17/1973
ottoward@yahoo.ci,"P.O. Box 332, 5998 Dolor Rd.",08 37 72 50 66,Otto Ward,Chile,Tarapacá,Huara,"-14.5198278656, 7.4509759488",88,Singapore,10/06/1990
naydaflowers@yahoo.com,"365-4226 Elit, Rd.",07 17 24 11 73,Nayda Flowers,France,Picardie,Creil,"-40.6104114176, -146.468532224",97,Philippines,03/20/1980
wesleyterrell@yahoo.net,Ap #101-9310 Eros Avenue,07 78 72 31 84,Wesley Terrell,Germany,Berlin,Berlin,"44.713560064, -23.1417655296",61,Indonesia,11/17/1947
mageesnider7460@outlook.edu,"566-7591 Luctus, St.",08 90 88 86 50,Magee Snider,Norway,Innlandet,Moelv,"3.782458368, -150.3373002752",76,Ukraine,08/11/1979
declangarner5556@protonmail.gh,2507 Tempor Avenue,04 84 47 80 29,Declan Garner,United States,Utah,Sandy,"-59.147284992, -105.4742844416",89,Pakistan,04/26/1991
alfredaterry8554@yahoo.edu,"8052 Nec, St.",09 61 38 85 25,Alfreda Terry,Ukraine,Poltava oblast,Poltava,"-37.2224451584, -81.7184017408",17,Philippines,12/14/1977
zeniaharrison@google.ci,"P.O. Box 375, 7241 Condimentum. St.",01 12 76 60 73,Zenia Harrison,Peru,Loreto,Yurimaguas,"76.2381195264, -110.4005557248",39,Russian Federation,04/05/1945
hallmclaughlin@outlook.com,117-3105 Duis Rd.,01 37 48 21 25,Hall Mclaughlin,Italy,Valle d'Aosta,Issime,"58.137375232, -176.3457206272",62,Chile,04/26/1963
bevishogan7579@protonmail.ci,Ap #416-5500 In St.,08 35 97 18 63,Bevis Hogan,Ukraine,Chernivtsi oblast,Kitsman,"10.0325640192, 82.9812905984",36,Netherlands,04/19/1999
emipalmer8126@aol.org,"P.O. Box 273, 5075 Nisi. Avenue",08 50 14 83 38,Emi Palmer,Mexico,Nuevo León,San Pedro Garza García,"-32.0986947584, 41.2741950464",5,Philippines,03/02/1993
joanknowles5110@aol.org,Ap #697-8732 In Street,04 37 28 04 72,Joan Knowles,Vietnam,Sơn La,Hát Lót,"58.0128789504, 39.6550152192",95,Belgium,08/07/1954
howardlarson@protonmail.ci,7313 Metus Road,01 62 15 48 75,Howard Larson,Russian Federation,Sverdlovsk Oblast,Yekaterinburg,"-18.37497344, 9.3521760256",12,Peru,12/17/1970
walkersandoval1864@protonmail.sa,Ap #887-2258 Cursus St.,06 48 67 74 75,Walker Sandoval,Nigeria,Sokoto,Sokoto,"-10.1518913536, 51.4153430016",8,Indonesia,06/20/1964
miraanderson742@icloud.sn,"P.O. Box 867, 7359 Et, Rd.",06 43 77 41 61,Mira Anderson,South Korea,North Chungcheong,Chungju,"-46.772801024, -26.4245305344",97,India,04/28/1978
levimendoza5468@aol.com,Ap #218-5286 Ullamcorper. Street,03 53 13 18 68,Levi Mendoza,Chile,Los Lagos,Maullín,"18.756404224, -95.4386274304",2,Belgium,01/18/1979
lawrencewilliamson@hotmail.com,339-8002 Risus. Ave,04 52 84 16 44,Lawrence Williamson,Italy,Valle d'Aosta,Chatillon,"69.5499214848, 112.6235557888",62,Nigeria,02/15/1949
keithburks@hotmail.couk,389-6582 Ut St.,03 71 68 50 73,Keith Burks,United States,Virginia,Richmond,"-68.1572017152, -144.9981232128",42,Pakistan,08/10/1972
hedynieves@google.sa,Ap #496-2265 Adipiscing Ave,02 95 26 17 26,Hedy Nieves,Italy,Sicilia,Castiglione di Sicilia,"65.0600236032, 83.104340992",28,Norway,07/14/1961
xanthussalazar@yahoo.com,876-6158 Sollicitudin Rd.,05 92 18 57 11,Xanthus Salazar,Indonesia,West Sumatra,Pariaman,"-26.70651392, -153.1321644032",73,Spain,07/27/1963
gemmasanders5930@hotmail.org,521-7057 In Road,08 09 48 14 38,Gemma Sanders,Australia,South Australia,Port Lincoln,"67.5482724352, 160.9473040384",46,Vietnam,11/10/1953
fatimaalford8635@google.edu,"253-9032 Id, Ave",09 76 58 52 27,Fatima Alford,Germany,Mecklenburg-Vorpommern,Neubrandenburg,"-52.1724596224, -161.8720953344",12,United Kingdom,06/12/1971
tanyahunter@aol.sn,"P.O. Box 914, 1770 Montes, Avenue",02 13 63 14 86,Tanya Hunter,Mexico,Mexico City,Mexico City,"-72.1701952512, 110.4937873408",14,Vietnam,11/06/1972
mikaylasalinas@google.sa,148-7059 Phasellus St.,07 25 78 72 53,Mikayla Salinas,Germany,Schleswig-Holstein,Henstedt-Ulzburg,"-30.6014618624, -128.8352647168",78,Australia,04/20/1951
vladimirgonzales@aol.couk,330-6460 Nibh Rd.,01 25 89 81 29,Vladimir Gonzales,Norway,Agder,Arendal,"-9.3062564864, 34.5527660544",73,Canada,04/07/1992
linusdecker5295@google.couk,298-8248 Ut Street,06 86 04 91 81,Linus Decker,Ireland,Leinster,Dublin,"12.6457460736, 121.687397376",10,Colombia,09/13/1953
katelynroach9513@google.gh,Ap #981-9482 Luctus St.,02 72 02 13 31,Katelyn Roach,Canada,New Brunswick,Edmundston,"69.2644783104, -47.0715487232",50,China,12/03/1993
carlybird1948@hotmail.sn,455-9122 Ipsum. Road,02 47 13 38 32,Carly Bird,Indonesia,East Nusa Tenggara,Kupang,"86.7695963136, -48.9940035584",89,Spain,04/24/1999
chasefrost@icloud.com,4474 Sit Avenue,06 38 37 79 64,Chase Frost,Pakistan,Sindh,Tharparkar,"64.4619904, 131.2696849408",92,Belgium,06/26/1964
libertyduncan@google.sa,384 Sagittis. St.,08 49 28 49 12,Liberty Duncan,Turkey,Adana,Pozantı,"-63.008799232, 159.6052568064",62,Belgium,11/02/1967
glennafernandez@protonmail.sa,902-2110 Mattis Avenue,05 18 24 18 88,Glenna Fernandez,United Kingdom,Montgomeryshire,Welshpool,"45.0606198784, 119.4284633088",49,Russian Federation,02/06/1964
warrenfranco303@hotmail.couk,7552 Risus. Avenue,04 73 92 73 78,Warren Franco,Ireland,Munster,Cork,"34.5117827072, -134.1453292544",89,Indonesia,05/14/1997
samuelmaldonado7344@google.com,112-3706 Sed Ave,03 69 46 36 24,Samuel Maldonado,South Korea,North Chungcheong,Chungju,"33.719192064, -132.661942784",12,Sweden,10/14/1980
aspensuarez@hotmail.ca,"P.O. Box 446, 1468 Erat Rd.",04 55 14 87 25,Aspen Suarez,Philippines,Southwestern Tagalog Region,Puerto Princesa,"52.3551592448, -21.908171264",35,Brazil,12/25/1964
jordancameron8900@google.couk,"P.O. Box 222, 9382 Ut Road",07 28 37 24 67,Jordan Cameron,Brazil,Pernambuco,Paulista,"-19.7401389056, -158.1622648832",72,Belgium,11/22/1964
ebonymcguire@google.ca,Ap #614-9487 Ipsum. Avenue,09 77 97 66 21,Ebony Mcguire,New Zealand,North Island,Auckland,"-52.920190976, -120.62640384",71,Brazil,12/12/1983
arielrollins@protonmail.couk,"Ap #216-3612 Auctor, Road",07 34 78 22 98,Ariel Rollins,Chile,Biobío,Coelemu,"23.363923456, -167.2796985344",14,Vietnam,08/16/1960
cynthiasandoval@outlook.com,278-9005 A Ave,01 35 22 63 31,Cynthia Sandoval,Nigeria,Benue,Gboko,"11.5758180352, -48.4278729728",95,Pakistan,10/08/1963
jarrodwoods5294@hotmail.ci,8789 Quisque St.,08 33 68 66 63,Jarrod Woods,France,Bretagne,Lanester,"37.6829223936, -38.7328771072",15,China,08/01/1954
randallporter@aol.com,Ap #945-3307 Velit. St.,04 56 64 04 53,Randall Porter,Nigeria,Ogun,Sagamu,"48.0086249472, -12.1990367232",80,Pakistan,03/17/1948
damonwatkins8090@protonmail.edu,322-1121 Phasellus Rd.,01 67 32 28 86,Damon Watkins,South Africa,KwaZulu-Natal,Ladysmith,"3.4724139008, 179.0341064704",85,Italy,10/12/1947
jaelwheeler@hotmail.ca,226-1194 Dapibus St.,01 47 23 12 65,Jael Wheeler,Ukraine,Kyiv oblast,Brovary,"-85.5407204352, -72.5014524928",29,Netherlands,10/12/1997
vaughandunn@protonmail.sa,"6941 Eget, Rd.",03 14 40 75 77,Vaughan Dunn,Italy,Toscana,Grosseto,"-66.8136245248, -101.3349999616",46,Ukraine,07/26/1964
tatyanarollins8327@yahoo.sa,9545 Pellentesque Avenue,05 52 95 70 45,Tatyana Rollins,Brazil,Pará,Abaetetuba,"-38.6031381504, -129.6044097536",6,China,12/17/1962
nomlangabuckley@protonmail.com,2019 Eu St.,03 83 89 82 16,Nomlanga Buckley,Vietnam,Phú Yên,Tuy Hòa,"-11.0447336448, 130.877919232",6,Indonesia,04/24/1945
ursulabarnes9982@hotmail.com,392-6111 Suscipit St.,02 42 75 65 71,Ursula Barnes,China,Zhōngnán,Guangxi,"-51.7320526848, 83.7382356992",75,China,11/29/1964
tanishashelton@hotmail.edu,Ap #590-7527 Risus. Av.,02 38 98 08 87,Tanisha Shelton,China,Dōngběi,Heilongjiang,"-55.745763328, -99.0688569344",87,Italy,03/12/1984
bradleybowman6170@protonmail.sa,Ap #857-8373 Iaculis St.,06 39 53 11 26,Bradley Bowman,Germany,Hamburg,Hamburg,"57.7842633728, 64.395687424",78,Indonesia,06/18/1991
yensmall@google.net,Ap #346-6960 Penatibus St.,05 24 96 83 40,Yen Small,Indonesia,North Sumatra,Gunungsitoli,"31.4281903104, 33.7266792448",37,Australia,10/03/1980
yeoalexander8798@google.ca,Ap #586-7686 Odio. Avenue,02 11 16 05 83,Yeo Alexander,China,Zhōngnán,Henan,"-70.7453843456, -54.4715952128",55,Belgium,06/26/1946
jocelynbuckner@icloud.couk,"7124 Eu, Ave",04 11 16 38 92,Jocelyn Buckner,Russian Federation,Ivanovo Oblast,Ivanovo,"3.448221696, 72.510728192",75,United States,05/13/1984
jonasbaker4234@aol.net,"P.O. Box 562, 515 A, Avenue",06 96 84 86 02,Jonas Baker,Australia,Queensland,Caloundra,"85.213239808, -119.1031530496",14,Philippines,05/11/1975
dolanhebert@aol.gh,8980 Sapien Street,03 32 83 47 87,Dolan Hebert,Turkey,Ankara,Ankara,"30.8934361088, 75.504278528",22,Poland,05/05/1987
medgerogers@icloud.net,640-7840 Ut Ave,07 18 63 80 73,Medge Rogers,China,Dōngběi,Liaoning,"51.7473401856, 179.6625358848",26,Philippines,06/12/1997
emeryemerson8665@aol.couk,482-3780 Mattis Av.,09 13 69 40 12,Emery Emerson,United States,Kentucky,Frankfort,"48.2705343488, 107.3765072896",45,United Kingdom,10/23/1967
carterpage@icloud.ca,190-5127 Pellentesque St.,04 21 11 18 65,Carter Page,South Korea,South Gyeongsang,Geoje,"-50.7346004992, 4.8197996544",74,Austria,04/11/1979
chelseacooper@hotmail.ca,5789 Fringilla Ave,05 58 16 19 38,Chelsea Cooper,United Kingdom,Denbighshire,Llangollen,"11.6864521216, 45.5358281728",75,Vietnam,09/09/1972
beaucollier@yahoo.couk,663-5108 Erat Avenue,01 84 35 53 32,Beau Collier,Spain,Comunitat Valenciana,Elx,"-0.4921035776, -3.9820017664",66,Brazil,01/29/1967
yvonnemckay@aol.edu,978-3764 Libero. Rd.,07 55 15 14 89,Yvonne Mckay,Ukraine,Zaporizhzhia oblast,Melitopol,"-2.5259437056, 10.2267061248",64,Norway,10/10/1985
flynnpowell@hotmail.sa,Ap #674-6331 Massa St.,06 47 78 41 43,Flynn Powell,Spain,Galicia,A Coruña,"-38.4765737984, -117.309055488",16,Singapore,06/22/1997
shoshanasimpson@yahoo.org,243-8262 Ornare Rd.,03 02 89 03 90,Shoshana Simpson,Turkey,Istanbul,Istanbul,"-6.2556179456, -163.2704695296",90,Sweden,04/26/1983
delilahshepherd@outlook.couk,Ap #111-1534 Non Street,07 28 33 28 71,Delilah Shepherd,Netherlands,Flevoland,Lelystad,"-45.9212795904, -175.9448768512",96,Belgium,11/04/1950
michaelbush@icloud.gh,"381-3969 A, St.",05 37 98 20 63,Michael Bush,Turkey,Adana,Ceyhan,"-55.9472741376, 32.8060189696",68,South Africa,10/22/1980
indigolamb872@outlook.sa,Ap #557-2081 Vel Rd.,05 67 00 18 14,Indigo Lamb,Canada,Alberta,Morinville,"16.3112680448, -81.6720941056",24,Pakistan,07/13/1953
cassadymitchell@outlook.com,4996 Quisque St.,06 61 60 73 14,Cassady Mitchell,Nigeria,Lagos,Lagos,"75.7889103872, -118.2095207424",36,Chile,07/20/1968
barretthorton8878@outlook.sa,Ap #546-6363 Lorem Av.,07 81 56 05 83,Barrett Horton,Vietnam,Lai Châu,Mường Tè,"49.9574094848, 120.1319886848",13,Singapore,12/20/1948
zeldaleach@outlook.org,8419 Conubia Av.,08 12 12 27 26,Zelda Leach,Brazil,Minas Gerais,Contagem,"-24.2681484288, -160.4305805312",40,Vietnam,05/23/1977
rothblankenship@hotmail.ca,"P.O. Box 155, 7105 Aliquam Ave",06 76 19 85 32,Roth Blankenship,Australia,Northern Territory,Palmerston,"-68.3869892608, 93.805896704",40,Colombia,12/07/1978
leighstout@hotmail.ci,128-3339 Mi St.,02 24 70 36 40,Leigh Stout,South Korea,South Gyeongsang,Sacheon,"-53.4755458048, -154.0037346304",81,Austria,02/19/1948
hardinghogan4840@yahoo.org,"P.O. Box 683, 1731 Iaculis Av.",07 14 57 69 26,Harding Hogan,Italy,Abruzzo,Cerchio,"-6.0092996608, -121.6252913664",53,South Korea,08/05/1959
geoffreysanders1944@aol.net,"Ap #604-9588 Et, Rd.",03 72 72 82 78,Geoffrey Sanders,Chile,Metropolitana de Santiago,Las Condes,"-18.9872454656, -83.3710367744",13,China,09/01/1993
calistahayes@aol.sn,Ap #303-5263 Ornare. St.,04 25 15 25 99,Calista Hayes,Philippines,National Capital Region,Marikina,"30.2713367552, -159.0662864896",73,United Kingdom,04/20/1947
jordankinney@yahoo.sn,1715 Lorem Road,01 86 68 16 31,Jordan Kinney,South Africa,KwaZulu-Natal,Pinetown,"-25.3045182464, -96.5266336768",95,New Zealand,03/25/1953
idolapotter@google.net,9762 Non Road,05 73 17 08 64,Idola Potter,Spain,Euskadi,Bilbo,"22.2672480256, 131.7233050624",1,United Kingdom,09/19/1979
ericmerrill@protonmail.edu,Ap #267-5027 Blandit Rd.,02 86 66 92 20,Eric Merrill,Philippines,Bangsamoro,Cotabato City,"-33.9710558208, 164.1197519872",93,Norway,11/04/1968
vernonsykes1674@aol.org,"P.O. Box 135, 6764 Proin Rd.",08 69 44 48 27,Vernon Sykes,France,Alsace,Schiltigheim,"-62.5381791744, 151.1597824",21,Chile,12/14/1962
meghanestrada1416@outlook.couk,325-6326 Et Rd.,08 05 54 57 58,Meghan Estrada,China,Dōngběi,Jilin,"81.6825604096, 145.0568233984",34,Sweden,08/05/1961
abelharrington@yahoo.gh,"P.O. Box 633, 3299 Non, St.",07 13 61 34 82,Abel Harrington,Sweden,Stockholms län,Täby,"62.6393607168, 44.8628268032",95,Chile,06/06/1990
winifredbanks828@yahoo.net,405-4446 Tortor Av.,08 05 37 81 20,Winifred Banks,Spain,Illes Balears,Palma de Mallorca,"3.30661632, -9.36801024",75,Costa Rica,09/08/1973
brendanmcconnell@icloud.edu,117-2444 Integer Road,01 54 85 57 44,Brendan Mcconnell,Turkey,Antalya,Serik,"-14.534577664, 19.9067377664",57,South Africa,12/15/1971
olegschwartz@outlook.net,"869-8890 Ut, Road",03 34 71 70 76,Oleg Schwartz,China,Huádōng,Fujian,"50.1948408832, -159.4652961792",44,France,07/14/1951
victorschwartz9899@yahoo.couk,"197-1273 Sed, St.",04 47 31 66 64,Victor Schwartz,Brazil,Santa Catarina,Chapecó,"-48.9900337152, 151.8647376896",58,South Korea,02/13/1952
theodorebenjamin3130@hotmail.gh,Ap #522-2899 Pellentesque. Rd.,09 75 56 68 67,Theodore Benjamin,Turkey,Ankara,Ankara,"10.7002624, 35.3660627968",63,South Korea,01/23/1967
claytonrandolph@google.couk,162-8855 Arcu. Ave,07 22 42 89 98,Clayton Randolph,Spain,Aragón,Zaragoza,"-13.918122496, 39.0764565504",18,Chile,09/19/1961
macaulaybray@hotmail.gh,5618 Consequat Av.,08 47 57 76 53,Macaulay Bray,Norway,Trøndelag,Verdalsøra,"40.6440347648, 51.4262520832",5,Canada,04/24/1958
actonfrank9861@outlook.net,488-898 Mollis. Av.,06 67 82 86 63,Acton Frank,Turkey,Diyarbakır,Silvan,"-56.0144768, 83.355167744",20,Singapore,11/12/1957
audraparrish@aol.sn,Ap #547-9276 Urna Road,08 84 61 95 27,Audra Parrish,China,Huádōng,Anhui,"11.1268333568, -104.4292972544",8,Vietnam,01/05/1952
noelaniadams7174@icloud.couk,626-6524 Ut Road,08 06 20 66 41,Noelani Adams,Canada,Nova Scotia,Pugwash,"-3.7545614336, 164.8767926272",79,Philippines,06/02/1945
ciaraunderwood4626@aol.gh,726-9334 Vel Road,06 85 31 80 75,Ciara Underwood,Pakistan,Balochistan,Chagai,"84.6573072384, -11.2616523776",28,Costa Rica,02/09/1972
porterodonnell393@aol.com,"196-8477 Nostra, Ave",03 92 72 78 11,Porter O'donnell,Peru,Cusco,Cusco,"-55.066207232, -124.4095495168",74,Poland,05/11/1996
dorisenglish@google.ci,422-1228 Semper Avenue,06 36 91 58 31,Doris English,Poland,Kujawsko-pomorskie,Toruń,"9.564834816, -133.3833986048",95,China,07/30/1989
cathleenwong@outlook.org,"P.O. Box 214, 5686 Odio Rd.",07 42 37 63 75,Cathleen Wong,United States,Illinois,Chicago,"72.4058952704, -97.5677351936",88,Ukraine,10/27/1950
adarabush7387@protonmail.net,824-8810 Interdum Rd.,02 33 68 86 15,Adara Bush,Pakistan,Punjab,Chiniot,"61.9981673472, 172.2237008896",8,Norway,09/18/1986
keanebyers@aol.ci,"P.O. Box 492, 2377 Malesuada Ave",07 26 61 64 10,Keane Byers,Peru,Arequipa,Arequipa,"-73.876271616, -51.40727296",45,Norway,05/16/1949
jannagregory@protonmail.org,"Ap #832-4881 Vulputate, Street",04 54 26 12 82,Janna Gregory,South Korea,South Gyeongsang,Changwon,"-48.8970036224, -149.4357151744",3,China,03/03/1984
iolawaters1976@protonmail.ca,Ap #998-4869 Arcu Av.,03 72 55 15 73,Iola Waters,Nigeria,Katsina,Funtua,"35.60365568, -52.3543600128",57,Singapore,04/06/1954
hedyholt2603@google.ca,865-5712 Nulla. Rd.,03 72 86 71 25,Hedy Holt,Vietnam,Vĩnh Long,Vĩnh Long,"-11.8743640064, 42.1506638848",63,South Korea,11/10/1955
wyattwalls6360@aol.org,5133 Velit Ave,06 61 79 97 43,Wyatt Walls,Costa Rica,Cartago,Paraíso,"89.1704044544, -167.7052079104",14,Russian Federation,04/10/1995
micahhobbs@aol.sa,Ap #880-9928 Luctus Road,09 33 47 99 46,Micah Hobbs,Ireland,Connacht,Galway,"69.653515264, 165.6999258112",41,Colombia,09/04/1983
marsdenswanson2894@google.com,1031 Hendrerit Avenue,04 17 67 54 49,Marsden Swanson,China,Zhōngnán,Macau,"76.4632339456, -108.0410028032",36,Italy,07/08/1961
robinwoodward5099@google.net,Ap #325-8268 Vitae St.,05 29 61 31 19,Robin Woodward,Italy,Emilia-Romagna,Palanzano,"-65.7834078208, -86.5473178624",70,Poland,12/24/1994
silasrose@outlook.edu,396-4315 Convallis Street,02 53 60 78 18,Silas Rose,Pakistan,Punjab,Hafizabad,"11.4450274304, -147.1626904576",89,Turkey,05/03/1974
alikacarver@aol.ca,547-4856 Ipsum Road,03 38 50 64 94,Alika Carver,Mexico,Tamaulipas,Ciudad Victoria,"-26.8240884736, -62.2735499264",96,Nigeria,04/26/1968
demetriagilliam510@protonmail.sn,Ap #767-1434 Eleifend Rd.,09 61 26 35 33,Demetria Gilliam,Colombia,Meta,Villavicencio,"-8.1023849472, 59.7180127232",86,Colombia,01/28/1983
arethahumphrey@hotmail.ci,323-4999 In Road,07 49 75 34 73,Aretha Humphrey,Norway,Rogaland,Åkrehamn,"44.2612419584, -59.01519616",34,Colombia,07/14/1992
giacomoherring@icloud.edu,725-3087 Neque Av.,08 58 36 58 49,Giacomo Herring,Ireland,Munster,Cork,"-50.1579347968, 20.6453651456",61,Ukraine,04/05/2000
ivorydaniel@yahoo.couk,Ap #907-2293 Vitae St.,05 31 88 20 71,Ivory Daniel,Singapore,North Region,Simpang,"58.6114681856, 87.517299712",2,Mexico,02/19/1954
beckfaulkner@protonmail.net,Ap #648-392 Euismod Avenue,04 57 96 85 72,Beck Faulkner,Sweden,Jönköpings län,Jönköping,"61.1640157184, 153.3589920768",85,Ireland,08/29/1978
nasimwoods@yahoo.sn,"P.O. Box 611, 2721 Interdum Avenue",09 81 70 17 36,Nasim Woods,Austria,Styria,Graz,"65.2907159552, -164.4850202624",73,Indonesia,11/11/1997
zacharyrosa@google.sn,"Ap #379-245 Et, Rd.",05 15 26 27 63,Zachary Rosa,China,Xīběi,Ningxia,"-37.360948224, -55.9047416832",57,Peru,01/27/1967
nellebates@protonmail.gh,150 Phasellus Rd.,08 61 55 03 02,Nelle Bates,Turkey,Kahramanmaraş,Göksun,"89.6888815616, -29.5231950848",16,United States,03/12/1976
ferrislawson7156@icloud.couk,"Ap #232-5817 At, St.",05 08 49 44 84,Ferris Lawson,New Zealand,North Island,Huntly,"-79.02919424, -80.8428898304",78,Poland,02/08/1953
phillipgibson5441@aol.sa,781-2763 Nisi Street,02 47 18 11 40,Phillip Gibson,Singapore,East Region,Pasir Ris,"24.0330202112, 117.6645275648",53,Pakistan,02/19/1947
joanbecker5900@yahoo.gh,Ap #245-2913 Metus Avenue,08 18 41 77 27,Joan Becker,United States,Indiana,South Bend,"-0.013667328, -65.6995730432",3,India,05/16/1950
driscollhall@icloud.sn,759-8317 Orci St.,05 94 83 26 23,Driscoll Hall,Norway,Innlandet,Brummunddal,"8.974577664, 27.9046857728",62,Norway,04/09/1956
bevisbaker@aol.net,"Ap #611-4587 Amet, Rd.",08 93 16 65 80,Bevis Baker,Peru,Cajamarca,Jaén,"-59.299795968, -151.46517248",76,Nigeria,05/09/1982
nataliefox2667@hotmail.ci,Ap #467-6784 Eu Rd.,04 74 27 93 77,Natalie Fox,Spain,Melilla,Melilla,"18.717948928, -142.9063118848",22,New Zealand,04/17/1945
charitycoleman@outlook.edu,Ap #936-9172 Consectetuer Rd.,07 76 69 76 87,Charity Coleman,Costa Rica,Guanacaste,Cañas,"-87.9505668096, -47.1176887296",16,Chile,10/17/1963
ursulacochran@yahoo.couk,Ap #280-4883 Facilisis Ave,03 73 12 58 33,Ursula Cochran,United States,Oregon,Eugene,"-78.7704850432, -109.8279457792",19,Turkey,12/15/1984
huntercampos915@yahoo.ca,883-4696 Odio Ave,04 66 88 17 42,Hunter Campos,Ireland,Ulster,Belfast,"-11.3243869184, 18.3569880064",46,Spain,02/03/1983
zahirphillips@icloud.org,Ap #795-3212 Tempor St.,03 75 71 16 81,Zahir Phillips,Mexico,Hidalgo,Pachuca,"20.5020010496, 133.3862890496",64,Sweden,12/24/1970
ciaranfreeman@hotmail.sa,Ap #547-3464 Nec Rd.,09 48 57 69 10,Ciaran Freeman,United Kingdom,Denbighshire,Wrexham,"-77.0084670464, -35.9478378496",101,Costa Rica,06/12/1947
maggybailey@protonmail.org,Ap #298-9193 Luctus Road,08 96 82 59 26,Maggy Bailey,Italy,Valle d'Aosta,Morgex,"-7.0658610176, -21.6360546304",86,Pakistan,02/13/1957
robinchristian@outlook.ca,Ap #523-4777 Ut St.,08 34 57 69 55,Robin Christian,United States,Alabama,Montgomery,"-31.0790490112, -170.3003963392",88,Brazil,04/22/1994
masonpatrick@yahoo.net,799-2494 Dolor. Rd.,08 46 14 22 41,Mason Patrick,South Africa,Western Cape,Simon's Town,"8.9176122368, 131.0812429312",79,Ireland,05/28/1986
jessicastafford1157@outlook.edu,Ap #265-7844 Lectus. Rd.,06 04 46 37 28,Jessica Stafford,Russian Federation,Murmansk Oblast,Murmansk,"-10.8164878336, 14.5642299392",95,South Korea,02/19/1945
sheilahines@hotmail.couk,"P.O. Box 764, 6040 Vestibulum Av.",08 86 25 81 67,Sheila Hines,Pakistan,Punjab,Hafizabad,"-22.9693083648, 88.4690131968",18,Chile,04/06/1946
yvettebuck4911@hotmail.ci,"P.O. Box 303, 5215 Tristique Ave",06 62 24 13 70,Yvette Buck,Brazil,Santa Catarina,Itajaí,"81.416610816, 10.634327552",11,China,04/23/1945
martenawall7075@protonmail.sa,8680 Duis Rd.,01 88 47 58 77,Martena Wall,United States,California,Los Angeles,"-80.9170646016, 169.3079616512",58,Singapore,04/05/1977
phoebemcdowell9474@aol.net,"P.O. Box 703, 7945 Eu St.",08 96 01 85 87,Phoebe Mcdowell,Mexico,Querétaro,San Juan del Río,"8.44557824, 124.203944448",58,Brazil,02/26/1947
caesarbridges4738@google.sa,"P.O. Box 705, 3436 Molestie. Road",08 22 59 58 49,Caesar Bridges,China,Xīběi,Shaanxi,"34.7789146112, 85.8364746752",98,United States,04/11/1981
leahelliott1551@yahoo.sn,"5475 Congue, Street",08 07 25 55 76,Leah Elliott,Mexico,Nuevo León,Monterrey,"-10.6308927488, -175.9915004928",27,Belgium,03/23/1980
penelopemoses3011@icloud.ci,337-9064 Nec St.,01 55 01 27 51,Penelope Moses,Sweden,Östergötlands län,Mjölby,"81.4080585728, 118.6544099328",64,Pakistan,05/28/1992
wadehaynes@protonmail.couk,Ap #593-1839 Aliquam Avenue,05 57 42 45 17,Wade Haynes,Turkey,Gaziantep,İslahiye,"-88.1313769472, -116.8352232448",80,Mexico,12/16/1973
xanderandrews@protonmail.sn,Ap #387-8835 Dolor Rd.,02 94 28 57 84,Xander Andrews,Spain,Ceuta,Ceuta,"-18.5214193664, -3.7884720128",11,Spain,05/13/1950
natalieaguirre@yahoo.sa,"Ap #895-6272 Vel, St.",09 15 24 46 60,Natalie Aguirre,Germany,Sachsen,Görlitz,"34.5287346176, 70.2105112576",67,Netherlands,07/24/1983
kelseyparker6248@yahoo.edu,752-5595 Dolor Road,04 55 64 45 60,Kelsey Parker,Vietnam,Bình Định,Quy Nhơn,"69.6675872768, 6.3764836352",87,New Zealand,06/16/1974
emmanuelcompton@icloud.gh,"P.O. Box 509, 4239 Nec St.",07 63 86 38 71,Emmanuel Compton,Costa Rica,Puntarenas,Puntarenas,"-75.0981950464, -85.8312109056",39,Netherlands,06/09/1988
daniellemonroe7841@icloud.ca,640-5053 Interdum Rd.,02 68 65 58 35,Danielle Monroe,Germany,Berlin,Berlin,"48.3344058368, -27.342571008",86,Indonesia,11/23/1964
zahirsampson4385@protonmail.sn,"P.O. Box 353, 3028 Lobortis St.",06 87 74 40 51,Zahir Sampson,Costa Rica,Alajuela,Quesada,"55.141376512, -160.0030943232",38,Indonesia,03/14/1967
orlandoblankenship@google.couk,"P.O. Box 894, 1580 Duis Street",04 20 45 36 83,Orlando Blankenship,Sweden,Västra Götalands län,Vänersborg,"-65.8737470464, -3.8894898176",72,China,10/27/1993
kamekomorrow@google.couk,"P.O. Box 208, 5289 Vel, Rd.",02 41 66 11 44,Kameko Morrow,Sweden,Gävleborgs län,Sandviken,"10.226400768, -11.3257234432",37,South Africa,02/03/1998
gailstewart@hotmail.ci,Ap #226-1923 Volutpat. Av.,01 47 40 03 13,Gail Stewart,Germany,Sachsen-Anhalt,Weißenfels,"-34.0231890944, 101.5819408384",73,Indonesia,08/03/1996
cheyennehancock@aol.sn,Ap #210-731 Malesuada St.,06 78 60 69 75,Cheyenne Hancock,Spain,Andalucía,Córdoba,"-61.8520684544, 23.6849974272",24,Singapore,09/21/1946
myrashields@protonmail.ci,9420 Erat. Av.,02 25 25 38 26,Myra Shields,Austria,Vorarlberg,Götzis,"20.8155329536, 103.881988096",40,Italy,01/30/1949
jinbradford258@aol.ci,Ap #922-8627 Mi Av.,07 08 66 38 17,Jin Bradford,South Africa,Eastern Cape,Queenstown,"75.6046217216, 30.7838509056",72,South Korea,10/06/1980
rajahhunt3525@icloud.gh,"Ap #730-1685 Ut, Road",05 66 26 03 54,Rajah Hunt,Vietnam,Bình Thuận,Phan Thiết,"-86.7611257856, 159.8355551232",33,Australia,11/23/1947
ryderfrye@google.ci,7287 Nulla. Rd.,02 32 51 00 39,Ryder Frye,France,Centre,Dreux,"-25.3393074176, 32.1357494272",82,Sweden,03/09/1993
quineverett5453@hotmail.couk,"P.O. Box 442, 3650 Mollis. Street",01 67 09 87 68,Quin Everett,Germany,Sachsen,Grimma,"-39.198778368, 144.2346189824",25,United Kingdom,11/19/1947
yoshishepherd1476@hotmail.gh,"6386 Scelerisque, Rd.",04 42 48 36 85,Yoshi Shepherd,Sweden,Östergötlands län,Norrköping,"-17.031860224, 135.0634881024",80,Philippines,12/28/1984
maxwellcastro7813@protonmail.net,4317 Phasellus St.,09 01 66 57 76,Maxwell Castro,Poland,łódzkie,Łódź,"85.1290761216, 124.0243043328",54,Nigeria,05/25/1967
gannonstone@hotmail.sn,Ap #111-2101 Mollis Av.,08 41 46 64 55,Gannon Stone,Spain,Cantabria,Santander,"0.2574411776, 41.413383168",26,South Korea,03/23/1983
mannixnewton3530@icloud.edu,556-4641 Odio. Ave,07 67 30 43 47,Mannix Newton,Brazil,Pará,Marabá,"69.9265406976, 141.9824382976",78,Ukraine,07/31/1946
jackstafford4175@icloud.sn,"822-9896 Enim, St.",04 51 25 23 12,Jack Stafford,Italy,Molise,San Pietro Avellana,"85.3757857792, 131.93330176",61,India,12/27/1971
amethystjones@outlook.com,"P.O. Box 600, 6510 Velit Rd.",05 00 75 57 49,Amethyst Jones,New Zealand,North Island,Dannevirke,"15.2930909184, -171.860877312",5,Spain,03/16/1961
micahschultz@yahoo.org,5686 Sit Ave,02 53 71 62 28,Micah Schultz,Peru,La Libertad,Pacasmayo,"10.6254985216, -119.4594683904",95,Brazil,10/03/1948
solomonbailey@outlook.edu,7181 Molestie Street,08 50 03 91 83,Solomon Bailey,Vietnam,Hà Tĩnh,Hà Tĩnh,"-36.423692288, 22.6238951424",68,Vietnam,06/01/1948
emisalas@yahoo.edu,"P.O. Box 313, 5227 Suspendisse St.",05 52 14 68 88,Emi Salas,Mexico,Guanajuato,León,"-58.279145984, -3.6221944832",38,Costa Rica,01/23/1973
vedaschmidt7557@protonmail.sa,"P.O. Box 436, 914 Sit St.",02 85 09 89 96,Veda Schmidt,Austria,Vorarlberg,Lustenau,"-49.0398055424, -141.0708320256",89,Austria,05/05/1998
dolanhopper@yahoo.org,141-6637 Aliquam Av.,08 38 85 77 57,Dolan Hopper,Spain,Canarias,Telde,"85.5106011136, 111.109722112",91,Russian Federation,09/25/1960
margaretgraham8920@yahoo.sa,816-7000 Mollis Avenue,08 13 27 63 42,Margaret Graham,Brazil,Rio de Janeiro,Petrópolis,"3.2665592832, -35.184223232",38,South Africa,12/20/1989
maconyang5034@icloud.sa,"Ap #522-8891 Eget, Av.",06 18 46 55 36,Macon Yang,South Korea,South Chungcheong,Nonsan,"47.3626212352, 33.4890402816",63,Mexico,02/18/1984
eaganhaley@protonmail.couk,193-8614 Arcu St.,03 57 46 50 90,Eagan Haley,Sweden,Östergötlands län,Finspång,"-23.0480923648, 12.0863450112",67,Sweden,01/20/1951
keeganthomas@outlook.couk,Ap #599-3745 Eu Avenue,02 20 16 76 22,Keegan Thomas,South Korea,South Jeolla,Gwangyang,"42.4324913152, 26.0653059072",101,Belgium,05/30/1955
basilsears@google.edu,Ap #439-8840 Mauris Avenue,02 45 05 87 53,Basil Sears,Australia,New South Wales,Grafton,"-5.4555414528, 47.4069625856",97,Indonesia,12/24/1968
jeromehughes@hotmail.com,8930 A Rd.,07 65 82 96 56,Jerome Hughes,Belgium,Vlaams-Brabant,Essene,"15.5353398272, -29.9041687552",100,Norway,03/21/1971
duncanglover@google.com,286-2178 Gravida. St.,07 28 37 46 11,Duncan Glover,United Kingdom,Buckinghamshire,High Wycombe,"-52.1092103168, 130.346840064",100,Mexico,09/22/1985
briannaholloway6009@icloud.sa,Ap #664-1103 At Road,01 53 53 47 12,Brianna Holloway,Poland,Swiętokrzyskie,Starachowice,"-71.548870656, 40.2325494784",50,Australia,10/15/1954
berthafreeman@icloud.sa,Ap #117-4828 Massa. Street,07 40 09 27 98,Bertha Freeman,Ireland,Connacht,Galway,"0.0737506304, -167.1668493312",5,Spain,03/06/1952
ignatiusmorrow424@yahoo.net,Ap #531-4099 Libero Avenue,08 71 58 36 70,Ignatius Morrow,Russian Federation,Saint Petersburg City,Saint Petersburg,"67.0279599104, -173.4923247616",43,Singapore,10/10/1979
soniaengland@icloud.couk,466-3095 Libero. St.,02 43 80 03 08,Sonia England,Indonesia,North Sumatra,Tebing Tinggi,"-89.8679525376, 148.3980814336",63,Indonesia,02/17/1998
joshuamontgomery7757@hotmail.sa,Ap #201-263 Libero Rd.,02 72 87 85 55,Joshua Montgomery,United Kingdom,Brecknockshire,Talgarth,"89.2547341312, -126.97825536",59,Vietnam,02/21/1964
umadeleon@hotmail.org,Ap #146-6913 Eleifend. Av.,02 87 25 86 81,Uma Deleon,New Zealand,North Island,Tauranga,"-9.0517547008, 160.7424535552",102,Poland,06/21/1957
rooneymoore4711@yahoo.sa,Ap #282-9088 Volutpat Avenue,04 71 87 61 16,Rooney Moore,Ukraine,Kirovohrad oblast,Kropyvnytskyi,"-83.1270961152, -127.0586070016",73,Colombia,11/26/1977
alanabrennan@hotmail.sa,847-5460 Risus Av.,03 32 58 82 68,Alana Brennan,United States,Utah,West Jordan,"-89.4444521472, 32.3788882944",64,Netherlands,10/19/1989
guybarton420@outlook.sa,Ap #166-8860 Amet Avenue,03 27 43 61 26,Guy Barton,Sweden,Västra Götalands län,Uddevalla,"82.9901300736, -101.3913056256",4,Austria,03/03/1999
theodorefulton6764@protonmail.ca,904-7718 Integer Ave,04 16 18 67 42,Theodore Fulton,Mexico,Jalisco,Tonalá,"-83.1438921728, -122.3458061312",85,Belgium,03/10/1984
dennisberry@hotmail.com,"P.O. Box 752, 7511 Sem Avenue",07 73 28 51 08,Dennis Berry,United States,Wisconsin,Madison,"-50.8931117056, 134.2351949824",28,Germany,02/28/1989
kimharris@aol.ca,696-1988 Donec St.,05 33 82 34 43,Kim Harris,Ireland,Ulster,Belfast,"-66.8433784832, 28.9020860416",63,Germany,12/09/1996
alexandramays59@protonmail.edu,"P.O. Box 992, 627 Integer Rd.",04 88 99 43 51,Alexandra Mays,Chile,Coquimbo,Salamanca,"9.4430112768, -22.9173747712",13,Chile,10/21/1986
brockkline@protonmail.couk,825-7065 Massa. Rd.,04 06 13 84 64,Brock Kline,Italy,Trentino-Alto Adige,Lagundo/Algund,"6.1120551936, 64.5745593344",16,Poland,08/19/1996
pandorasexton@google.couk,Ap #704-6259 Mi. St.,02 45 89 55 21,Pandora Sexton,Vietnam,Bình Phước,Đồng Xoài,"40.8204235776, 12.1923188736",43,Germany,06/11/1949
roarymccarty7006@aol.com,498-1377 Magnis Av.,06 31 08 58 44,Roary Mccarty,Canada,Newfoundland and Labrador,Paradise,"-0.1106077696, 79.9798812672",63,Germany,10/29/1958
reneewells@protonmail.org,Ap #632-7267 Integer Road,05 91 11 32 87,Renee Wells,Vietnam,Thừa Thiên–Huế,Huế,"-78.6973033472, 114.394174976",65,Costa Rica,09/21/1963
charissafletcher4397@protonmail.ca,200-3431 Auctor Rd.,09 60 55 98 57,Charissa Fletcher,Germany,Brandenburg,Strausberg,"-39.2852739072, 108.3542202368",77,France,12/24/1974
ameliahernandez@hotmail.edu,Ap #918-7867 Natoque Rd.,08 65 21 33 41,Amelia Hernandez,New Zealand,North Island,Palmerston North,"73.977865728, 86.5668411392",10,Costa Rica,01/17/1958
arianahickman9523@aol.edu,566-4290 Molestie St.,04 99 56 50 85,Ariana Hickman,Russian Federation,Sakhalin Oblast,Sakhalin,"72.6926215168, -56.4132048896",92,Italy,05/30/1998
kuamegriffin8798@icloud.couk,"P.O. Box 497, 7789 Gravida Avenue",04 29 73 26 71,Kuame Griffin,Peru,Cajamarca,Jaén,"-5.3879831552, 34.9609300992",57,Mexico,09/04/1984
tamekahkeller@outlook.couk,Ap #393-9856 Nec St.,07 16 15 81 66,Tamekah Keller,Italy,Liguria,Calice al Cornoviglio,"85.654372864, -116.5969434624",102,Canada,02/25/1950
charitysosa@protonmail.ci,681-7499 Magna. Road,03 79 88 11 71,Charity Sosa,United Kingdom,Aberdeenshire,Turriff,"60.065281536, 85.553209344",76,United States,06/10/1964
prescottgilbert@google.sn,"7844 Lectus, Ave",04 63 86 41 89,Prescott Gilbert,Belgium,Brussels Hoofdstedelijk Gewest,Etterbeek,"69.4861981696, -12.0658566144",56,Turkey,10/12/1984
kirkburton@hotmail.ci,"Ap #250-8904 Quam, Av.",06 13 47 94 75,Kirk Burton,Indonesia,North Sumatra,Medan,"3.7240448, 38.9724289024",3,Indonesia,01/04/1985
anikasnider@google.com,4296 Egestas Street,02 00 53 77 99,Anika Snider,Nigeria,Borno,Maiduguri,"76.9318260736, 120.9160696832",92,Vietnam,04/05/1946
thorpowell8379@yahoo.couk,"Ap #716-4452 Nec, St.",08 04 71 57 79,Thor Powell,Belgium,Brussels Hoofdstedelijk Gewest,Elsene,"14.1304280064, 95.2023057408",33,Turkey,07/16/1948
wandashannon6394@hotmail.net,4666 Fusce Rd.,07 42 60 80 32,Wanda Shannon,Ukraine,Ternopil oblast,Ternopil,"-13.3720085504, -165.6019172352",41,South Africa,10/13/1948
vincentcallahan@protonmail.net,109-6023 Dis St.,02 30 32 74 50,Vincent Callahan,Singapore,Central Region,Novena,"25.9103055872, 1.9773753344",98,Ukraine,08/29/1974
ilianamcneil5695@google.sn,Ap #979-9572 Ornare. Street,07 44 73 41 32,Iliana Mcneil,Indonesia,Gorontalo,Gorontalo,"35.9259922432, 126.979375616",40,France,11/03/1951
olympiatrujillo6901@google.net,"P.O. Box 746, 9141 Lorem Road",08 79 10 65 30,Olympia Trujillo,South Africa,Northern Cape,Kuruman,"83.5798349824, 97.5423251456",37,South Africa,04/18/1999
haleeodom@google.gh,Ap #747-9791 Ipsum Rd.,03 26 88 97 40,Halee Odom,New Zealand,South Island,Blenheim,"27.1345263616, 161.8215136256",20,Indonesia,11/16/1952
camdenmerrill2584@protonmail.gh,372-3759 Consequat Ave,01 76 43 35 83,Camden Merrill,South Korea,Jeju,Jeju,"62.1728873472, -95.1673468928",20,Norway,08/25/1957
devinvillarreal7271@icloud.gh,"P.O. Box 626, 9551 Dictum. Rd.",06 17 04 21 33,Devin Villarreal,Costa Rica,Limón,Guápiles,"75.3846872064, 159.105726976",21,Australia,06/13/1980
kelsiekline4056@icloud.ca,106-6583 Rutrum Avenue,04 87 98 09 33,Kelsie Kline,Philippines,National Capital Region,Las Piñas,"-45.2498499584, 24.128438784",78,Philippines,11/22/1993
daquanhorn8385@yahoo.sa,2569 Tortor. Avenue,02 27 17 58 13,Daquan Horn,Italy,Puglia,Erchie,"89.8136254464, 152.6150969344",28,Vietnam,08/14/1993
cadealvarado8320@protonmail.sn,414-2267 Semper St.,06 82 17 61 31,Cade Alvarado,Spain,Andalucía,Cádiz,"-82.3210479616, 41.0723654656",95,Canada,09/17/1955
brandenadkins2557@google.sa,Ap #650-6307 In Rd.,04 32 60 83 78,Branden Adkins,Colombia,Boyacá,Duitama,"-66.8110002176, -173.0379843584",71,China,03/24/1992
palmermcgowan@icloud.ca,"Ap #753-1135 Dui, Av.",06 63 64 40 58,Palmer Mcgowan,Nigeria,Anambra,Awka,"-5.8793522176, -67.9855768576",94,China,05/06/1968
jacksoncannon@yahoo.edu,"P.O. Box 506, 6988 Morbi St.",03 55 45 87 76,Jackson Cannon,Ireland,Ulster,Belfast,"-29.1797709824, 116.7158254592",39,Indonesia,10/28/1979
leslielangley7469@aol.net,295-9345 Eget Ave,06 94 55 47 24,Leslie Langley,Colombia,Distrito Capital,Bogotá,"51.3025968128, 31.8045422592",65,Australia,10/09/1946
felixrose@icloud.gh,365-9761 Sed Rd.,07 67 19 23 34,Felix Rose,Singapore,West Region,Boon Lay,"-15.7401204736, 107.45247744",11,Sweden,05/28/1973
jacksonruiz1707@hotmail.ci,"P.O. Box 451, 5508 Nunc St.",02 91 83 57 52,Jackson Ruiz,Turkey,Aydın,Kuşadası,"85.1819879424, 18.617265152",19,France,06/25/1949
nitahansen@outlook.sa,Ap #968-1052 Arcu. Street,01 56 17 55 85,Nita Hansen,China,Huáběi,Shanxi,"-26.1734207488, 165.945058816",4,Germany,04/20/1945
clarkoneal@hotmail.sn,6132 Tincidunt St.,04 80 70 31 07,Clark Oneal,Germany,Saarland,Sulzbach,"-74.91878144, 19.8370354176",53,New Zealand,02/15/1966
basilwalter@protonmail.sa,261-1217 Vulputate Ave,09 66 44 53 09,Basil Walter,Germany,Brandenburg,Werder,"-18.336417792, -176.5908516864",93,Sweden,03/04/1955
xaviercantu2986@protonmail.gh,"P.O. Box 156, 1603 Sed Street",04 36 77 91 78,Xavier Cantu,India,Madhya Pradesh,Ratlam,"5.3796717568, -51.73458176",23,Italy,01/08/1963
isabellecampbell6336@protonmail.com,619-5634 Ipsum Road,05 86 62 76 41,Isabelle Campbell,Russian Federation,Sverdlovsk Oblast,Yekaterinburg,"-73.3149906944, -121.7005606912",22,South Africa,10/09/1980
kirbylove2137@icloud.org,6035 Semper Rd.,03 06 55 13 68,Kirby Love,Pakistan,FATA,North Waziristan,"47.65946368, 176.6712323072",6,Belgium,09/22/1988
cassidyfowler3135@protonmail.sn,8406 Tempus Rd.,08 12 46 11 12,Cassidy Fowler,Peru,Junín,Huancayo,"-89.5664854016, -154.8382219264",17,Belgium,09/23/1965
jenetteduncan7961@hotmail.ci,Ap #705-7910 Pellentesque Road,05 45 49 95 82,Jenette Duncan,Brazil,Goiás,Goiânia,"-61.3505910784, 91.0491932672",49,Belgium,10/17/1987
lindaberger5710@hotmail.sn,"P.O. Box 511, 2910 Risus. Ave",06 54 42 35 77,Linda Berger,Poland,Podlaskie,Łomża,"-81.2063478784, 154.9841795072",53,Vietnam,03/09/1984
coltontillman3677@aol.gh,4501 Risus. St.,08 75 57 03 37,Colton Tillman,Singapore,North-East Region,Hougang,"-76.0607755264, -114.4630411264",56,Belgium,06/17/1951
larafitzgerald@hotmail.com,376-280 Et Av.,02 19 34 60 90,Lara Fitzgerald,Mexico,San Luis Potosí,San Luis Potosí,"72.0278447104, -114.0592904192",22,India,10/20/1957
rafaelberger71@outlook.sa,"P.O. Box 491, 7886 Pharetra Rd.",02 74 86 72 34,Rafael Berger,Poland,Lubelskie,Biała Podlaska,"85.1289409536, -80.7762665472",19,Pakistan,01/22/1964
salvadorbennett@yahoo.couk,Ap #563-1268 Dui St.,02 57 76 59 64,Salvador Bennett,Mexico,Yucatán,Mérida,"44.0485883904, -13.8908576768",88,Poland,08/25/1998
nicholasgutierrez@aol.org,436-1468 Ligula. Ave,08 88 77 95 85,Nicholas Gutierrez,United States,Massachusetts,Lowell,"-86.5230245888, -38.512612352",37,Indonesia,12/11/1964
vannadejesus5608@yahoo.net,"551-6257 Ut, Rd.",04 59 36 51 36,Vanna Dejesus,Philippines,Bicol Region,Tabaco,"42.0450609152, 70.7321445376",50,Colombia,07/16/1987
uriahsloan@icloud.sa,168-3975 Eleifend. St.,02 81 63 93 46,Uriah Sloan,Germany,Sachsen-Anhalt,Quedlinburg,"50.7581395968, -176.3355672576",52,Pakistan,03/22/1982
