email,address,phone,name,residency,region,city,geo_location,lucky_number,nationality,birth_date
hallacase@protonmail.sa,4681 Dolor Road,03 35 49 08 82,Halla Case,Chile,Los Lagos,Puerto Octay,"8.9255829504, 21.0909810688",44,Poland,07/11/1945
mollykane7819@outlook.sn,4879 Maecenas Avenue,06 17 77 46 50,Molly Kane,United States,Minnesota,Saint Paul,"80.7163583488, 73.5561182208",62,Nigeria,10/23/1993
evepate2461@yahoo.sa,771-4473 Fermentum St.,03 15 36 94 77,Eve Pate,Spain,Illes Balears,Palma de Mallorca,"44.6012086272, 13.7037925376",28,Germany,10/30/1959
leilanibeard6367@icloud.gh,Ap #144-5000 Purus. Ave,07 50 18 36 69,Leilani Beard,Netherlands,Zeeland,Terneuzen,"-30.8753074176, 158.1271725056",22,Ireland,03/21/1968
leilawarner@aol.sa,841-6431 Eu St.,03 61 61 34 53,Leila Warner,United Kingdom,Lancashire,Liverpool,"-55.2675908608, -6.5393659904",23,Canada,09/18/1958
oprahmathews@outlook.couk,1987 Luctus Av.,08 37 60 25 57,Oprah Mathews,Netherlands,Noord Brabant,Waalwijk,"-84.9587065856, -47.3742857216",77,India,04/04/1949
nasimwilder@google.net,"P.O. Box 875, 2757 Id Rd.",02 78 31 89 21,Nasim Wilder,Austria,Vorarlberg,Lustenau,"-26.7187067904, 157.8241376256",81,Nigeria,01/20/1965
nitabruce@hotmail.couk,673-4428 Sit Road,07 83 96 74 74,Nita Bruce,Russian Federation,Chelyabinsk Oblast,Tryokhgorny,"56.6265280512, -108.6301057024",23,Australia,01/12/1993
jaspergregory6439@hotmail.net,Ap #757-1630 Suspendisse Av.,08 48 42 51 15,Jasper Gregory,India,Andaman and Nicobar Islands,Port Blair,"-2.7250466816, 113.603294208",97,Norway,03/30/1982
yurimalone8866@aol.gh,6713 Condimentum Avenue,07 42 58 61 24,Yuri Malone,Costa Rica,San José,Tirrases,"-47.885829632, 54.0055404544",36,Australia,01/13/1993
kaitlinrivers@outlook.org,6938 Nisi St.,06 30 09 81 24,Kaitlin Rivers,New Zealand,South Island,Alexandra,"-88.9575302144, -15.5833413632",27,Norway,08/16/1967
calistawilkins@icloud.org,967-4328 Augue. Street,02 73 44 51 01,Calista Wilkins,Ireland,Ulster,Belfast,"78.9486234624, 60.8208784384",51,Netherlands,09/10/1977
devinyates@outlook.net,2626 Mollis. Road,09 94 05 44 21,Devin Yates,Norway,Oslo,Oslo,"-46.1935101952, -167.1599602688",44,India,12/07/1961
dennislynn9515@icloud.edu,"P.O. Box 927, 9427 Duis St.",06 25 50 14 58,Dennis Lynn,India,Bihar,Patna,"-67.9589548032, 54.7901353984",54,Colombia,11/21/1997
rayrivas@protonmail.sa,"P.O. Box 682, 2537 Tempor Street",04 28 21 70 25,Ray Rivas,Italy,Lazio,Rocca Massima,"75.2492521472, 65.226297344",26,Ukraine,12/09/1994
lydiaparker@yahoo.sa,6793 Elit. Avenue,03 78 32 16 16,Lydia Parker,Austria,Vienna,Vienna,"-4.7463461888, -150.7861190656",90,Italy,05/19/1962
staceymeyer@hotmail.gh,"P.O. Box 111, 282 Lorem Rd.",07 10 11 41 21,Stacey Meyer,Italy,Umbria,Baschi,"41.678649344, 170.1027062784",101,Italy,12/02/1956
laurelmunoz@google.org,"P.O. Box 204, 4091 Duis Street",06 84 95 11 89,Laurel Munoz,France,Limousin,Brive-la-Gaillarde,"-20.2062364672, -34.273610752",21,Peru,04/13/1983
ramonahunt@google.sn,"P.O. Box 555, 3746 Neque. Rd.",07 86 97 74 19,Ramona Hunt,New Zealand,North Island,Pukekohe,"-50.9989814272, -60.1210059776",93,Chile,04/07/1982
yoshicotton@protonmail.sa,951-5997 Morbi Rd.,09 04 02 63 10,Yoshi Cotton,Turkey,İzmir,Ödemiş,"35.3672392704, 70.6193590272",27,United States,07/11/1978
uriellegood@icloud.sn,3525 Dictum Avenue,07 41 33 62 68,Urielle Good,New Zealand,North Island,Kapiti,"-88.2299134976, -73.2716854272",47,Pakistan,08/03/1949
lesliebooth@aol.sa,800-2934 Accumsan Road,07 49 84 32 16,Leslie Booth,Chile,Los Ríos,Corral,"-7.1729513472, -115.8873906176",42,Philippines,01/31/1971
xandrawilliam@google.sa,"P.O. Box 209, 120 Mauris Street",06 84 17 96 62,Xandra William,Spain,Andalucía,Huelva,"-48.165577728, 11.074972672",5,Pakistan,01/25/1960
adamrodgers7988@icloud.edu,Ap #222-3470 Consectetuer Road,03 08 52 44 71,Adam Rodgers,Norway,Møre og Romsdal,Molde,"-80.8812899328, 56.62130944",72,Indonesia,05/16/1996
nevillesosa@yahoo.com,360-6045 Ipsum Rd.,07 59 77 66 18,Neville Sosa,Colombia,Distrito Capital,Bogotá,"-83.655810048, 81.8531272704",60,Belgium,09/13/1991
nigelpeters5340@protonmail.couk,374-9744 Elementum Rd.,06 88 86 38 53,Nigel Peters,Singapore,North Region,Central Water Catchment,"74.4129399808, 145.8139674624",66,Spain,07/01/1950
vancekelley@yahoo.gh,537-992 Laoreet Street,08 91 13 60 24,Vance Kelley,South Africa,Free State,Sasolburg,"-19.7104504832, -175.3415166976",14,Mexico,01/08/1983
coramckay@google.org,445-4119 Arcu. Avenue,02 34 12 56 21,Cora Mckay,Belgium,Antwerpen,Hoogstraten,"82.1059494912, 169.2736557056",55,South Korea,12/09/1945
moanawillis@google.edu,591-5435 Nibh Rd.,09 14 81 78 27,Moana Willis,Costa Rica,Guanacaste,Liberia,"67.0723877888, -174.0166938624",42,Ireland,11/05/1946
hayesvinson@aol.ci,608-680 Mauris. St.,01 37 24 34 97,Hayes Vinson,Turkey,Kocaeli,Gölcük,"-34.3320912896, 110.1737531392",95,United Kingdom,04/22/1945
oliverjordan4667@outlook.edu,"4510 Elit, Street",06 77 85 51 84,Oliver Jordan,Vietnam,Ninh Thuận,Phan Rang–Tháp Chàm,"40.1596259328, 12.339920896",55,South Africa,11/01/1974
azaliacooke8851@google.sn,266-387 Mauris St.,09 01 45 23 88,Azalia Cooke,Norway,Vestland,Florø,"71.9680418816, 111.2910159872",44,Canada,04/24/1959
prescottgill@aol.couk,"8796 Id, Ave",08 24 45 37 87,Prescott Gill,Spain,Melilla,Melilla,"26.18215936, 106.5376971776",72,Philippines,11/23/1963
rowanmorris@icloud.couk,Ap #466-9115 Integer Avenue,07 12 96 58 34,Rowan Morris,Singapore,North-East Region,Hougang,"32.8016728064, -163.1401735168",67,New Zealand,05/05/1963
ferdinandchurch@outlook.ca,"P.O. Box 763, 4555 Non, Rd.",04 89 96 42 35,Ferdinand Church,Austria,Vienna,Vienna,"-28.7193786368, -172.3354761216",77,Pakistan,02/24/1952
anjoliedyer6155@yahoo.gh,4470 Vitae St.,08 63 45 75 92,Anjolie Dyer,Turkey,Manisa,Manisa,"3.1854952448, -136.811472896",35,Pakistan,10/02/1986
ramonasoto9017@outlook.sn,"P.O. Box 657, 7332 Eu Street",05 04 17 24 35,Ramona Soto,Poland,Warmińsko-mazurskie,Olsztyn,"79.1142099968, -132.8238139392",17,Russian Federation,05/23/1949
brendanwagner7687@hotmail.ca,Ap #593-1225 Molestie Rd.,08 24 32 14 40,Brendan Wagner,Austria,Salzburg,Salzburg,"-13.5957367808, -124.49125888",4,United States,08/16/1960
jeremymacias@outlook.ci,1729 Dictum Street,03 21 60 85 62,Jeremy Macias,Peru,La Libertad,Trujillo,"-37.5260137472, -93.3577260032",69,Italy,01/28/1961
brynnfrank@protonmail.sa,742-1704 Dolor. Av.,06 35 28 45 81,Brynn Frank,Sweden,Stockholms län,Täby,"-69.9899393024, -36.9668798464",78,Pakistan,03/15/1961
shaypearson4683@outlook.com,183-5100 Pede. Road,02 47 18 14 37,Shay Pearson,Australia,New South Wales,Campbelltown,"-58.5888790528, 37.9794711552",90,Chile,05/22/1958
whileminasparks6891@aol.couk,"P.O. Box 865, 8890 Velit St.",06 02 52 91 82,Whilemina Sparks,Russian Federation,Tver Oblast,Tver,"31.0164880384, -108.1336205312",98,Canada,08/19/1947
lynnlloyd@icloud.org,Ap #362-7709 Dapibus Rd.,08 29 10 53 89,Lynn Lloyd,New Zealand,North Island,Waiheke Island,"-56.4043516928, 54.5592095744",67,France,06/27/1991
orlimalone1401@aol.ci,Ap #425-4114 Consequat Rd.,08 27 44 67 26,Orli Malone,France,Poitou-Charentes,Poitiers,"10.9866934272, -165.76064",87,Brazil,11/01/1951
brentstevenson3843@outlook.net,"415-2620 A, Ave",08 12 64 28 10,Brent Stevenson,China,Dōngběi,Liaoning,"-39.4962624512, -57.77160192",51,New Zealand,11/23/1970
reesesuarez7491@icloud.edu,334 Tincidunt St.,04 45 83 01 13,Reese Suarez,Belgium,Brussels Hoofdstedelijk Gewest,Ukkel,"78.4244655104, -46.0643048448",72,Canada,01/26/2000
brianstanton9327@icloud.org,493-6389 Fermentum Rd.,06 82 58 80 82,Brian Stanton,United States,Mississippi,Southaven,"70.5465244672, 25.312378368",5,Turkey,02/24/1971
anjoliebuckner8955@outlook.org,Ap #473-2464 Imperdiet Rd.,07 43 99 66 11,Anjolie Buckner,Mexico,Guanajuato,León,"-23.0031574016, -26.6058123264",80,Russian Federation,03/27/1993
jesciestephens@aol.ci,"314-9934 Purus, St.",08 66 72 04 51,Jescie Stephens,Colombia,Cauca,Popayán,"-88.9558867968, -169.792395776",21,Vietnam,01/16/1954
mirandalove@hotmail.couk,"P.O. Box 245, 4572 Sollicitudin Av.",04 81 83 62 35,Miranda Love,Belgium,Henegouwen,Lompret,"-86.8588540928, -110.6247626752",71,France,01/12/1957
rachelgardner4655@google.net,4119 Duis St.,02 04 16 90 95,Rachel Gardner,New Zealand,South Island,Wanaka,"25.1621801984, -62.860046336",92,Canada,01/20/1982
laviniahuffman4615@google.edu,Ap #777-3453 Dolor. Rd.,06 29 99 98 47,Lavinia Huffman,Poland,Lubelskie,Biała Podlaska,"-17.3489872896, 90.8440141824",19,Canada,07/08/1956
bradycrosby@icloud.com,275-6442 Metus. Road,07 87 98 67 36,Brady Crosby,Austria,Vorarlberg,Altach,"-36.8284694528, -160.12416512",71,Peru,01/05/1961
porterfleming5847@aol.org,Ap #349-6386 Fusce Street,08 28 98 05 60,Porter Fleming,South Africa,Limpopo,Seshego,"-71.004008448, -6.7356735488",61,Colombia,06/29/1977
patrickdale@hotmail.net,Ap #782-5698 Ridiculus St.,05 43 78 07 11,Patrick Dale,South Korea,Gyeonggi,Uijeongbu,"83.8288934912, 74.3550491648",85,Australia,01/18/1945
jemimamays4033@icloud.sa,6339 Phasellus Rd.,06 29 79 21 44,Jemima Mays,United Kingdom,Sussex,Brighton,"1.9565481984, 62.396232704",11,Austria,07/06/1971
brandonfisher5484@yahoo.couk,7096 Non Road,02 26 59 73 41,Brandon Fisher,China,Dōngběi,Jilin,"-33.2241477632, 7.0599378944",44,Russian Federation,08/21/1999
williamchambers@protonmail.sa,923-8407 Proin Road,08 98 18 75 20,William Chambers,South Africa,Free State,Parys,"-21.8814244864, -125.7946688512",49,Sweden,08/13/1963
danielvega51@icloud.couk,376-2082 Gravida St.,07 85 64 42 79,Daniel Vega,United Kingdom,Durham,Washington,"-8.119021056, 14.4942647296",12,Colombia,01/26/1986
scarlettphelps9125@icloud.couk,Ap #234-298 Aliquam Ave,08 40 41 58 82,Scarlett Phelps,Russian Federation,Voronezh Oblast,Voronezh,"-4.0577420288, 41.5627568128",5,France,12/16/1988
graidenmclean5875@icloud.ci,240-4785 Malesuada. Rd.,03 56 09 52 82,Graiden Mclean,India,Bihar,Patna,"38.8644429824, -43.0537764864",42,Costa Rica,03/23/1987
paulpotter6329@protonmail.ci,8699 Sed Street,07 36 25 21 98,Paul Potter,Turkey,Istanbul,Istanbul,"7.3231679488, 35.2436447232",67,United States,06/05/1973
biancapitts5689@outlook.edu,8047 Dictum Av.,09 32 79 37 57,Bianca Pitts,South Africa,Western Cape,Worcester,"-80.7033751552, -18.7963242496",81,Russian Federation,04/29/1985
malcolmclay3024@outlook.org,Ap #469-8912 Tempus Av.,02 15 79 45 28,Malcolm Clay,Spain,Ceuta,Ceuta,"25.3728359424, -10.0157254656",29,Philippines,07/21/1965
wilmalarsen3418@hotmail.sn,599-8560 Pharetra. Ave,02 14 31 36 11,Wilma Larsen,Colombia,Chocó,Alto Baudó,"61.541468672, -74.3067406336",55,Italy,05/29/1975
dorothykramer4864@outlook.ca,"P.O. Box 917, 6241 Tristique Road",06 47 11 02 03,Dorothy Kramer,Singapore,East Region,Changi Bay,"-73.3693053952, -122.143401472",60,Sweden,04/07/1970
davisbarber3059@outlook.net,Ap #572-9192 Dictum. Avenue,07 05 33 67 66,Davis Barber,Turkey,Kahramanmaraş,Afşin,"-71.5546386432, -136.1302969344",73,Canada,02/25/1956
nathanieldavidson@protonmail.com,841-1488 Elit Road,04 92 17 86 33,Nathaniel Davidson,Italy,Calabria,San Demetrio Corone,"-81.0347047936, 64.0516552704",43,France,09/24/1966
lacotamelendez@protonmail.org,"P.O. Box 599, 7040 Lacinia. Rd.",07 84 24 84 17,Lacota Melendez,South Africa,Limpopo,Lebowakgomo,"47.8751434752, 32.556051968",2,Poland,04/12/1962
clarkerojas6190@google.gh,698-1023 Metus. St.,02 34 27 65 58,Clarke Rojas,South Korea,North Jeolla,Gunsan,"46.903028736, 98.4278682624",7,Netherlands,10/30/1950
beviswilliam@google.ca,8210 Urna Rd.,08 42 32 55 24,Bevis William,Australia,Victoria,Melton,"12.910857728, 47.6487762944",78,Chile,04/19/1993
palomamyers4632@yahoo.net,119-4109 Arcu. Rd.,05 07 14 86 56,Paloma Myers,India,Arunachal Pradesh,Itanagar,"57.3282884608, -61.9718969344",9,Belgium,02/02/1990
xavierbass@yahoo.org,"P.O. Box 534, 3618 Ornare, Rd.",03 78 48 44 64,Xavier Bass,Australia,New South Wales,Goulburn,"46.7966777344, -107.0341028864",44,Russian Federation,12/19/1983
gradycarey6220@hotmail.sa,734-3086 Nullam Street,05 41 75 51 36,Grady Carey,Philippines,Central Visayas,Bais,"18.11232256, -147.5994413056",13,China,10/17/1957
hyacinthhendricks6727@yahoo.gh,"327-2418 Tempor, Av.",07 40 42 31 84,Hyacinth Hendricks,Chile,Magallanes y Antártica Chilena,Laguna Blanca,"84.4630078464, -107.9505074176",6,Norway,07/13/1981
donnalawson2578@protonmail.com,Ap #922-2952 Tincidunt St.,03 30 25 72 19,Donna Lawson,Australia,Australian Capital Territory,Canberra,"51.3681437696, 133.3148493824",64,Spain,01/26/1974
noblekent1128@yahoo.edu,"P.O. Box 223, 6270 Nam Rd.",03 48 14 18 78,Noble Kent,Italy,Molise,Sant'Angelo Limosano,"-79.1577580544, 44.3177020416",3,Colombia,02/04/1950
karlyclark@yahoo.ca,3290 Aliquam Rd.,07 58 38 41 16,Karly Clark,Italy,Liguria,Mignanego,"-28.955953152, -10.3686606848",39,India,04/10/1994
linusnielsen@yahoo.edu,Ap #447-2244 Lorem Avenue,07 84 94 33 39,Linus Nielsen,South Africa,North West,Klerksdorp,"-64.0867700736, 60.5079303168",50,Italy,01/08/1949
nellmorrow9079@icloud.net,Ap #795-4365 Dui. Rd.,06 11 15 43 76,Nell Morrow,Austria,Vorarlberg,Dornbirn,"49.5815624704, 67.290906112",71,Austria,01/20/1994
shellieolson3276@yahoo.couk,581-5347 Sed Road,03 55 21 61 96,Shellie Olson,New Zealand,North Island,Gisborne,"-16.6415833088, 54.9365920768",66,India,09/18/1987
alyssabailey8287@google.couk,705-7280 Donec Street,02 77 14 11 18,Alyssa Bailey,China,Xīběi,Ningxia,"17.135524864, -138.8304033792",51,Philippines,05/14/1949
patiencenolan@hotmail.edu,"8476 Dolor, Street",02 96 61 60 43,Patience Nolan,Brazil,Paraíba,Santa Rita,"19.3594790912, 132.5203233792",47,Italy,11/09/1995
aaronbuckley763@icloud.net,"Ap #849-7136 At, Road",05 23 13 52 80,Aaron Buckley,France,Limousin,Brive-la-Gaillarde,"67.2916159488, -160.8145216512",58,Ireland,01/25/1958
yeoshaw2234@outlook.gh,"Ap #529-1426 Pede, Rd.",04 63 05 35 08,Yeo Shaw,Philippines,Eastern Visayas,Catbalogan,"83.662629888, 84.731938816",28,Costa Rica,11/21/1986
judithhughes@protonmail.sn,Ap #881-4793 Mattis Ave,06 56 52 78 63,Judith Hughes,South Africa,North West,Rustenburg,"-10.1795146752, -46.3725797376",28,Australia,03/19/1958
lylebauer@aol.ca,"P.O. Box 630, 4163 Leo. Av.",05 77 22 74 99,Lyle Bauer,South Africa,Mpumalanga,Emalahleni,"82.976171008, 46.0389392384",93,Sweden,07/15/2000
keatonsears6245@icloud.ci,536-5947 Amet Road,05 54 27 07 91,Keaton Sears,France,Midi-Pyrénées,Castres,"-14.5629520896, 137.8207896576",8,United States,10/03/1945
harperlowe3409@protonmail.com,214-3594 Mollis. Rd.,08 34 45 55 53,Harper Lowe,Turkey,Kayseri,Develi,"65.3286409216, 32.0971866112",97,United Kingdom,01/28/1991
dianaodonnell9774@google.ci,Ap #618-135 Malesuada Ave,05 37 02 31 39,Diana O'donnell,United Kingdom,Glamorgan,Caerphilly,"79.8507942912, 118.806868992",85,Sweden,01/23/1960
jaelcarroll9275@icloud.com,"P.O. Box 488, 967 In Av.",08 87 32 52 92,Jael Carroll,Sweden,Dalarnas län,Mora,"27.9041041408, -71.5457477632",51,Germany,05/14/1983
evevaughn1302@hotmail.edu,844-2673 Lectus St.,06 86 62 98 52,Eve Vaughn,Sweden,Dalarnas län,Borlänge,"-32.1764719616, -52.92726784",38,Spain,04/23/1981
brittanyfrancis@hotmail.gh,"P.O. Box 704, 7045 Dolor St.",07 22 52 36 87,Brittany Francis,United States,Iowa,Iowa City,"45.2331329536, -33.8526967808",47,Singapore,10/26/1946
ottoroman6401@aol.com,"P.O. Box 159, 6324 Nonummy Rd.",04 25 88 10 52,Otto Roman,France,Auvergne,Montluçon,"39.0374936576, 78.0278807552",77,Brazil,02/24/2000
bakerrice@google.gh,"P.O. Box 101, 2672 Nunc. Av.",02 31 35 86 18,Baker Rice,Pakistan,Punjab,Rawalpindi,"-26.459941376, -121.8994574336",89,United Kingdom,11/29/1976
emersonhoffman@yahoo.org,Ap #920-6426 Dapibus Rd.,04 57 40 62 46,Emerson Hoffman,South Korea,South Gyeongsang,Ulsan,"20.5440458752, -122.7964806144",41,Spain,01/20/1971
jolenemelton8848@icloud.sn,"6290 Vitae, St.",06 65 68 71 31,Jolene Melton,Singapore,North-East Region,North-Eastern Islands,"-13.6345162752, 48.6874925056",2,Indonesia,12/04/1981
vincentblair@hotmail.net,"P.O. Box 975, 9869 Ante Ave",03 17 90 40 46,Vincent Blair,Australia,South Australia,Victor Harbor,"56.3319922688, -135.1179129856",2,New Zealand,12/13/1974
dalemarshall8869@yahoo.ci,Ap #580-2041 Lobortis St.,05 75 46 94 23,Dale Marshall,Singapore,Central Region,Rochor,"23.454167552, -23.438265856",30,China,08/13/1959
channinghorne9953@aol.com,830-309 Arcu Road,04 65 11 35 18,Channing Horne,Pakistan,Azad Kashmir,Rawalakot,"-62.542099456, 17.1390910464",20,Peru,07/01/1946
matthewferrell@yahoo.ca,"P.O. Box 926, 3885 Pellentesque St.",09 43 65 66 21,Matthew Ferrell,Singapore,North Region,Sembawang,"39.8847286272, -138.9370037248",61,United States,07/07/1978
honoratocampbell4536@aol.org,795-608 Eu Rd.,04 86 11 82 24,Honorato Campbell,New Zealand,South Island,Oamaru,"43.8816499712, -133.2112237568",3,Italy,10/01/1968
veratyler@protonmail.net,691-969 Mauris Street,02 19 63 29 27,Vera Tyler,Colombia,Guainía,Barranco Minas,"-12.217913856, -65.0670811136",71,Norway,10/18/1961
damianlopez@aol.gh,Ap #671-7984 Dapibus Rd.,05 01 74 93 55,Damian Lopez,China,Zhōngnán,Hubei,"-12.4778011648, 159.714509312",102,Italy,11/07/1986
akeemburt@outlook.gh,670-3057 Ipsum Road,04 28 38 91 45,Akeem Burt,France,Picardie,Saint-Quentin,"30.0613233664, -176.7371743232",82,Poland,10/16/1987
rosshendrix@outlook.ca,Ap #518-9303 Pede Av.,05 81 42 73 61,Ross Hendrix,South Korea,Gyeonggi,Seongnam,"-14.4458678272, -45.3778604032",49,Nigeria,05/26/1990
tigertrujillo@yahoo.gh,"P.O. Box 533, 6336 Sapien. Road",08 24 83 45 26,Tiger Trujillo,India,Maharastra,New Bombay,"30.6729617408, -31.743810048",31,United Kingdom,08/22/1978
risanash5860@protonmail.ca,Ap #822-6215 Fusce Av.,07 65 62 42 20,Risa Nash,Philippines,National Capital Region,Taguig,"18.7227061248, 160.6950905856",78,Nigeria,03/31/1964
ulricdalton5497@icloud.couk,"P.O. Box 127, 8514 At Av.",02 71 49 06 15,Ulric Dalton,Costa Rica,Limón,Guápiles,"-79.2541392896, 136.6959762432",27,New Zealand,06/24/1975
nolanduran5513@yahoo.org,"P.O. Box 699, 2964 Et St.",05 44 98 84 87,Nolan Duran,Italy,Lazio,Castel di Tora,"81.2236215296, -20.1183105024",58,Singapore,06/13/1971
ziarowe5872@hotmail.edu,"Ap #471-6664 Vel, Road",03 99 02 87 22,Zia Rowe,Indonesia,West Sumatra,Padang,"-89.1997251584, 103.9201379328",87,Pakistan,01/22/1968
samuelaustin@google.com,569-9077 Dolor Ave,03 30 17 71 57,Samuel Austin,Vietnam,Vĩnh Phúc,Hợp Hòa,"-81.648078336, -71.2663123968",49,Sweden,10/23/1988
stellagreer6769@icloud.com,1102 Mi Rd.,07 24 40 40 45,Stella Greer,Ukraine,Cherkasy oblast,Uman,"4.587666432, 21.50540544",100,Belgium,02/12/1996
maisiehale9982@hotmail.couk,Ap #173-5559 Praesent Road,03 82 25 41 59,Maisie Hale,Australia,South Australia,Murray Bridge,"41.3742692352, -10.0282730496",5,Philippines,01/15/1969
nellevaldez1327@aol.org,9381 Molestie Ave,08 13 78 21 54,Nelle Valdez,Indonesia,North Kalimantan,Tarakan,"-15.635740672, 50.5294575616",9,France,05/18/1957
kadeemwalker4294@yahoo.com,"Ap #979-5758 Eleifend, Road",03 53 60 09 02,Kadeem Walker,Germany,Nordrhein-Westphalen,Hamm,"34.6317275136, 177.6917950464",78,United Kingdom,11/17/1983
coltbooth1298@yahoo.net,944-3446 Ipsum Ave,06 62 42 15 23,Colt Booth,Nigeria,Lagos,Lagos,"-87.443955712, -112.7637224448",14,New Zealand,01/27/1947
morganrichard319@hotmail.sa,"P.O. Box 190, 7856 Ligula Road",05 30 81 69 34,Morgan Richard,United States,Wisconsin,Kenosha,"-10.2294009856, -67.9596634112",36,Poland,10/20/1985
mageepatrick@aol.gh,"P.O. Box 892, 5549 Gravida. Street",06 74 32 73 44,Magee Patrick,Colombia,Putumayo,Puerto Guzmán,"10.9928876032, 83.2649294848",96,Costa Rica,11/19/1947
porterramos@google.edu,Ap #631-8059 Sodales Avenue,09 14 18 61 07,Porter Ramos,India,Lakshadweep,Kavaratti,"62.1443565568, 77.0559954944",39,Ireland,01/23/1974
caesarjuarez@icloud.gh,Ap #612-5076 Nascetur Rd.,05 79 27 89 55,Caesar Juarez,New Zealand,South Island,Timaru,"66.6214303744, -28.3984559104",82,India,03/19/1995
marvingillespie3503@hotmail.net,"Ap #168-3618 Eu, St.",04 73 88 29 12,Marvin Gillespie,Ireland,Connacht,Galway,"56.3672316928, -89.5632513024",52,Poland,10/21/1980
monacardenas@aol.ci,Ap #717-3640 Pede. Avenue,05 76 21 98 73,Mona Cardenas,Poland,Kujawsko-pomorskie,Bydgoszcz,"-77.8936563712, -125.649627648",95,Turkey,01/31/1979
zenashaffer2419@aol.org,425-9058 Dui. Rd.,06 58 89 20 46,Zena Shaffer,Belgium,Luxemburg,Habergy,"-72.370179584, -149.907023872",90,Sweden,03/19/1967
marciakirk9179@hotmail.ca,744-8779 Tristique St.,02 70 87 36 48,Marcia Kirk,Indonesia,Riau,Pekanbaru,"-21.121592832, 130.00541184",29,New Zealand,12/05/1979
hermioneanthony6216@outlook.couk,203-2706 Urna. Street,01 17 55 70 12,Hermione Anthony,Belgium,Brussels Hoofdstedelijk Gewest,Vorst,"-38.6185321472, 137.781019648",17,Ireland,01/21/1978
wyattbolton@google.net,640-667 Aptent Rd.,06 35 23 79 24,Wyatt Bolton,Pakistan,Balochistan,Khuzdar,"74.2234236928, -176.1782580224",83,South Korea,06/15/1953
rahimkirk@protonmail.sn,367-4389 Enim. Road,06 88 40 60 34,Rahim Kirk,Belgium,Vlaams-Brabant,Heikruis,"-15.9230623744, 155.9321960448",49,Austria,08/03/1977
quintessawolf@outlook.sn,"Ap #671-6738 Sed, Rd.",02 62 78 26 15,Quintessa Wolf,Chile,Los Lagos,Cochamó,"-9.9375228928, -2.810984448",79,Brazil,03/26/1969
zephblackburn6850@google.ca,287-6102 Tellus. Ave,06 88 23 28 77,Zeph Blackburn,Canada,Saskatchewan,Estevan,"-36.1592188928, -104.1996991488",41,Peru,01/11/1986
veronicaperkins544@outlook.ci,Ap #533-1458 Nibh Street,07 73 78 84 15,Veronica Perkins,Sweden,Stockholms län,Tumba,"-7.1390308352, -34.6970491904",40,Nigeria,05/07/1966
evangelineherring@aol.ci,Ap #573-8824 Magna Street,04 27 76 33 80,Evangeline Herring,New Zealand,South Island,Gore,"-31.7966383104, 147.2349871104",41,Nigeria,07/03/1959
lucianclements@hotmail.gh,Ap #607-1856 In Rd.,02 46 81 04 45,Lucian Clements,Sweden,Stockholms län,Stockholm,"-77.9703855104, 7.7417772032",77,Russian Federation,03/27/1955
signehubbard@yahoo.gh,Ap #319-8964 Sed Ave,05 16 11 77 93,Signe Hubbard,Brazil,Pará,Marabá,"-0.6231754752, 90.7148077056",79,China,08/19/1980
hayeswilliams@google.org,"P.O. Box 863, 6646 Id Rd.",05 80 45 76 13,Hayes Williams,Italy,Sardegna,Piscinas,"-80.7152502784, -177.4992027648",69,Poland,05/26/1976
wynterortiz@google.gh,194-6398 Phasellus Street,06 75 57 30 74,Wynter Ortiz,Chile,Valparaíso,Algarrobo,"-16.8418180096, -121.1827075072",31,Norway,08/11/1981
olivervincent@protonmail.org,Ap #701-6676 Nam Road,06 65 09 32 87,Oliver Vincent,Vietnam,Lạng Sơn,Lạng Sơn,"78.451988992, 116.2268577792",47,Turkey,01/16/1961
chelseamolina1973@google.couk,2977 Vitae Av.,03 85 21 91 37,Chelsea Molina,Nigeria,Sokoto,Sokoto,"-8.4826617856, -156.8011797504",101,Norway,05/27/1969
abbotmcdaniel4529@icloud.sn,"1468 A, Av.",07 10 65 57 55,Abbot Mcdaniel,Pakistan,Punjab,Sargodha,"-16.56493568, -134.110950912",88,Spain,08/04/1998
jacquelinebell@protonmail.edu,620-782 Blandit. Rd.,04 24 02 81 98,Jacqueline Bell,Sweden,Dalarnas län,Falun,"17.8425869312, -169.357863936",87,China,01/08/1986
travispierce@yahoo.edu,Ap #853-5001 Dictum Avenue,04 10 91 36 15,Travis Pierce,Philippines,Davao Region,Tagum,"-80.762288128, -126.6987483136",26,Turkey,10/03/1948
ethanstokes5416@yahoo.edu,782-1502 Netus Ave,06 17 85 37 97,Ethan Stokes,Ukraine,Kirovohrad oblast,Oleksandriia,"-65.8007660544, 39.4066546688",49,Australia,09/09/1959
callylittle@yahoo.net,Ap #176-274 Orci St.,07 74 31 95 80,Cally Little,Spain,Andalucía,Jerez de la Frontera,"-75.824790016, 119.9684013056",65,France,11/05/1966
johndaugherty954@google.ca,4809 Enim Ave,07 66 30 28 25,John Daugherty,Poland,Warmińsko-mazurskie,Ełk,"70.4778774528, 19.4702083072",51,Sweden,03/17/1981
quinrush9353@protonmail.ci,694-2899 Augue Avenue,05 11 50 31 26,Quin Rush,Turkey,Istanbul,Istanbul,"55.5689046016, 42.2215689216",78,Mexico,01/16/1962
evelynwelch@google.net,4062 Vestibulum Avenue,05 38 77 81 64,Evelyn Welch,Mexico,Guerrero,Iguala,"69.8905283584, 94.4270500864",101,South Korea,07/28/1999
hallawalsh8316@yahoo.com,236-9715 Lobortis Av.,09 16 66 35 66,Halla Walsh,Philippines,Western Visayas,Talisay,"39.0574391296, -110.6252314624",93,Belgium,10/05/1945
amethystcarr@icloud.couk,Ap #566-6760 Nascetur St.,06 66 24 69 71,Amethyst Carr,Peru,Ancash,Huaraz,"-68.0052294656, -97.1486199808",3,Turkey,09/12/1960
jarrodreed210@protonmail.net,Ap #969-8169 Dui. Rd.,04 93 31 61 03,Jarrod Reed,New Zealand,South Island,Rangiora,"83.9844665344, -11.6884777984",15,United Kingdom,06/24/1990
geoffreywagner4791@google.sa,"405-7329 Non, Rd.",06 27 28 23 95,Geoffrey Wagner,Ukraine,Odessa oblast,Izmail,"31.0915698688, -156.0760778752",58,Chile,05/06/1988
colinsweet@hotmail.ca,880-1953 Eu Av.,04 08 44 27 51,Colin Sweet,New Zealand,South Island,Nelson,"-70.2827246592, -39.9249845248",62,Costa Rica,09/05/1968
blazebarker@hotmail.net,"P.O. Box 619, 9933 Sed Road",08 43 60 38 42,Blaze Barker,Italy,Umbria,Monte Santa Maria Tiberina,"88.6295308288, 94.7834031104",70,South Korea,01/11/1970
chavanguyen@hotmail.couk,"Ap #258-960 Vel, Avenue",04 32 37 28 33,Chava Nguyen,Philippines,Southwestern Tagalog Region,Puerto Princesa,"-70.4768625664, 42.2807668736",21,Vietnam,10/05/1948
flynnlittle205@yahoo.couk,210-577 Non Street,04 75 57 61 25,Flynn Little,Peru,Cajamarca,Cajamarca,"-48.2059104256, -89.977860096",95,Australia,01/09/1979
karleighfuller@aol.ca,773-2334 Ut Ave,08 94 64 57 57,Karleigh Fuller,Italy,Trentino-Alto Adige,Termeno sulla strada del vino/Tramin an der Weinstrasse,"53.9696656384, -156.0755274752",46,Australia,06/29/1989
ramahowe@hotmail.ci,"P.O. Box 328, 7581 Facilisis Street",07 73 56 88 61,Rama Howe,India,Andhra Pradesh,Kurnool,"-8.9825101824, -117.6916277248",69,Spain,11/30/1953
pearlpotter4925@icloud.gh,418-1276 Elit Avenue,01 02 11 24 00,Pearl Potter,Poland,łódzkie,Pabianice,"-77.4237376512, 45.8973861888",64,Ireland,05/23/1967
violetmcdowell@protonmail.org,Ap #921-7952 Mi Rd.,05 02 09 87 36,Violet Mcdowell,India,Mizoram,Aizwal,"7.3422195712, -161.511118848",21,New Zealand,08/14/2000
kibomay@outlook.ca,Ap #902-9845 Sed Av.,04 30 07 41 76,Kibo May,Belgium,Oost-Vlaanderen,Moerbeke,"-78.2493154304, 81.9163651072",16,Nigeria,08/29/1997
ferrisharmon1725@yahoo.ci,Ap #823-2323 Commodo St.,04 58 85 37 34,Ferris Harmon,Vietnam,Tuyên Quang,Tuyên Quang,"-76.3737403392, -175.3217268736",24,Poland,10/31/1996
orsonbyers292@yahoo.sa,"P.O. Box 707, 1292 Nullam Rd.",07 38 33 88 18,Orson Byers,Brazil,Maranhão,Timon,"64.9410084864, 105.1944823808",67,United Kingdom,12/26/1981
noahfigueroa5374@outlook.sa,"P.O. Box 683, 8692 Sollicitudin Road",07 83 29 63 25,Noah Figueroa,Colombia,Putumayo,Mocoa,"69.5387354112, 103.456229888",72,France,01/06/1985
beatricemaldonado@yahoo.ci,Ap #285-5891 Velit. Rd.,05 84 76 91 17,Beatrice Maldonado,Singapore,North Region,Sungei Kadut,"38.577431552, -109.8378192896",69,Australia,07/19/1956
mailebriggs@outlook.edu,495-9492 Massa Av.,02 27 53 54 26,Maile Briggs,Vietnam,Lâm Đồng,Da Lat,"60.517272576, -157.7937595392",83,South Korea,03/24/1951
isabellehicks@icloud.gh,Ap #163-2147 Mattis Street,02 87 10 03 30,Isabelle Hicks,Germany,Niedersachsen,Celle,"21.9262706688, -64.6390588416",78,France,07/10/1971
xavierabeard6700@google.ca,"Ap #253-2250 Dui, Avenue",09 56 49 83 18,Xaviera Beard,Costa Rica,Alajuela,San Rafael,"-56.1708858368, -74.5570782208",57,Norway,12/13/1986
reginamclaughlin@outlook.net,"Ap #332-715 Vitae, Ave",07 13 52 13 19,Regina Mclaughlin,Philippines,Western Visayas,Cadiz,"-58.2244417536, -87.5568659456",102,Chile,08/10/1992
pricehendrix4225@google.ca,541-3534 Eu Street,04 22 59 62 53,Price Hendrix,Mexico,Michoacán,Zamora de Hidalgo,"-51.5014953984, -159.6492230656",59,Australia,12/09/1975
britannibest3824@protonmail.sn,6451 In Street,08 85 46 67 26,Britanni Best,Ukraine,Donetsk oblast,Bakhmut,"-65.5650307072, 145.2102812672",81,Indonesia,11/28/1996
beverlyparks1171@outlook.ca,Ap #706-675 In Rd.,07 32 86 90 43,Beverly Parks,Belgium,Henegouwen,Bergen Mons,"-71.676760064, 100.1885845504",13,Italy,03/07/1982
ivorymcpherson5791@aol.com,Ap #594-3261 Hendrerit Avenue,04 14 64 41 31,Ivory Mcpherson,Australia,Queensland,Rockhampton,"-23.0280839168, -130.1643534336",34,Sweden,03/23/1978
dennisholloway4891@aol.gh,Ap #776-9424 Non Ave,07 19 53 25 62,Dennis Holloway,Sweden,Västra Götalands län,Uddevalla,"-85.2410213376, 129.915646464",51,New Zealand,02/13/1995
zenamckinney@yahoo.sa,3223 Donec Rd.,03 75 32 66 80,Zena Mckinney,France,Languedoc-Roussillon,Lunel,"-82.7555505152, 133.6490264576",17,Australia,09/05/1951
emilyguerra3108@hotmail.sn,903-183 Arcu. St.,06 51 73 67 73,Emily Guerra,Austria,Salzburg,Saalfelden am Steinernen Meer,"85.2533091328, 94.9798063104",37,Netherlands,08/14/1952
lareinamueller2856@protonmail.couk,"Ap #400-403 Montes, St.",06 28 18 74 73,Lareina Mueller,Austria,Salzburg,Salzburg,"-56.5277892608, 87.7121110016",48,Indonesia,02/11/1979
clarkwalters@icloud.sn,923-3903 Malesuada Street,07 18 94 81 85,Clark Walters,India,Daman and Diu,Daman,"-82.1101940736, -68.0728777728",35,Vietnam,12/24/1969
madesonmeyers562@google.org,438-4213 A St.,09 60 36 82 10,Madeson Meyers,Poland,łódzkie,Pabianice,"-84.5496168448, -43.2891728896",34,Vietnam,12/17/1966
calliespencer@protonmail.sn,366-118 Pede St.,04 82 87 13 61,Callie Spencer,Russian Federation,Novosibirsk Oblast,Novosibirsk,"70.3394189312, -54.5836890112",99,Indonesia,01/12/1965
virginiabean6019@hotmail.sn,505-8124 Libero. Av.,03 25 85 46 33,Virginia Bean,Sweden,Dalarnas län,Avesta,"40.500862976, -149.3658702848",55,United States,10/24/1982
damianlevine@hotmail.couk,222-8674 Velit. Road,08 47 72 56 31,Damian Levine,Poland,Opolskie,Kędzierzyn-Koźle,"58.9744913408, -83.3360405504",102,Turkey,04/18/1945
deannacunningham@aol.org,751-2744 Nunc Rd.,04 33 46 99 35,Deanna Cunningham,Turkey,Manisa,Turgutlu,"45.3002645504, 117.0777515008",55,Mexico,12/14/1968
tashaholmes7595@aol.com,Ap #424-1704 Class St.,09 71 75 58 86,Tasha Holmes,Philippines,Caraga,Cabadbaran,"46.230185984, -43.0851408896",20,South Africa,02/05/1977
janehughes@aol.sn,Ap #974-2627 Tempus Av.,06 16 31 43 31,Jane Hughes,Italy,Lombardia,Galbiate,"-1.5895872512, -113.4904774656",51,Poland,11/06/1975
jessicawalton3647@outlook.ca,2862 Leo. St.,07 37 28 01 82,Jessica Walton,Russian Federation,Smolensk Oblast,Smolensk,"-35.8416912384, 30.1294454784",85,Ireland,11/14/1950
beckfaulkner5640@protonmail.couk,2973 Quisque Rd.,03 75 81 19 57,Beck Faulkner,Belgium,Waals-Brabant,Rebecq,"-23.8071257088, -146.8680726528",102,India,09/11/1999
graidenbuchanan8701@yahoo.gh,Ap #128-9302 Vitae St.,02 36 53 79 54,Graiden Buchanan,Poland,Lubelskie,Zamość,"-5.0043112448, 57.0261574656",73,Peru,01/24/1977
zeleniabrady7597@protonmail.com,Ap #278-9259 Nibh. Rd.,06 03 54 44 68,Zelenia Brady,Australia,Western Australia,Kalgoorlie-Boulder,"-34.5196734464, -36.9730919424",3,New Zealand,04/28/1987
genevievecarter@aol.org,5884 Egestas St.,05 32 52 49 85,Genevieve Carter,Russian Federation,Sakhalin Oblast,Sakhalin,"0.1015950336, -4.9359683584",78,Ireland,08/03/1957
violetclements@outlook.ci,Ap #194-3826 Ligula. Ave,06 84 68 54 81,Violet Clements,Poland,Pomorskie,Tczew,"-30.5279876096, 22.9756187648",21,Russian Federation,07/11/1986
vedaburton9561@protonmail.couk,"Ap #156-8383 Elit, Av.",04 28 16 48 14,Veda Burton,Singapore,Central Region,Queenstown,"-48.3751201792, -25.614934016",26,Costa Rica,09/17/1944
calvinherring6727@icloud.ca,Ap #837-1831 Mattis. Rd.,06 17 47 22 43,Calvin Herring,France,Franche-Comté,Pontarlier,"56.5026110464, 163.3839635456",74,Netherlands,09/14/1962
ilafarmer@aol.couk,"3252 A, Avenue",03 27 77 89 59,Ila Farmer,Germany,Nordrhein-Westphalen,Bottrop,"79.1900932096, -45.9939898368",68,Chile,10/03/1996
daquanstone935@yahoo.org,Ap #705-8703 Duis Rd.,07 37 26 63 52,Daquan Stone,Ukraine,Zakarpattia oblast,Uzhhorod,"-39.7434846208, -15.677098496",47,Norway,06/01/1991
avramriley@aol.com,458-9110 Arcu. St.,05 62 88 89 44,Avram Riley,Poland,Sląskie,Sosnowiec,"-6.0969772032, 121.7304825856",5,New Zealand,10/30/1950
chantaleholmes5271@hotmail.ci,654-2244 Orci Avenue,09 80 72 62 78,Chantale Holmes,Austria,Vienna,Vienna,"76.8981234688, -4.715740672",89,New Zealand,09/08/1970
sandrahines@outlook.org,"Ap #925-7822 Eu, St.",08 28 70 25 63,Sandra Hines,France,Île-de-France,Champigny-sur-Marne,"19.883538432, 81.3861328896",71,Brazil,11/30/1944
kirstenmassey@hotmail.gh,893-4682 Phasellus St.,04 05 30 63 56,Kirsten Massey,Brazil,Goiás,Luziânia,"-20.2995956736, -12.0623154176",42,Vietnam,08/17/1983
armandoduffy@google.org,487-8181 Sodales Rd.,09 98 78 11 46,Armando Duffy,Australia,Victoria,Melbourne,"61.323725824, 131.082450944",12,France,12/16/1950
veraconner@aol.org,636-7268 Sociis Avenue,04 92 63 76 13,Vera Conner,Chile,Valparaíso,Santa María,"-45.040571904, -151.4206139392",15,Belgium,11/19/1947
jillianberg8515@hotmail.couk,Ap #476-383 Metus Av.,04 64 47 57 83,Jillian Berg,Netherlands,Gelderland,Wageningen,"-63.1149089792, -28.6921970688",6,Ireland,01/13/1972
hopcunningham@aol.gh,5826 Phasellus Street,05 32 57 26 38,Hop Cunningham,Canada,Nova Scotia,Annapolis Royal,"6.6846606336, -20.511578624",25,Peru,11/17/1977
richardtravis8339@yahoo.net,469-1321 Tortor. St.,03 05 95 27 10,Richard Travis,South Africa,Limpopo,Seshego,"21.48439552, -165.3320547328",96,Poland,11/07/1966
nathanfrench9878@protonmail.ca,Ap #719-9146 Cum St.,05 46 31 43 35,Nathan French,Chile,Aisén,Cisnes,"-88.7923712, -166.9262262272",28,Colombia,04/02/1990
venusle1982@google.gh,277-8398 Scelerisque Road,07 65 00 80 08,Venus Le,South Korea,North Chungcheong,Chungju,"-59.595226624, -139.1461266432",12,Philippines,05/10/1991
nereagilliam4833@hotmail.sa,"P.O. Box 893, 7425 Velit. Street",05 47 82 83 64,Nerea Gilliam,Poland,Wielkopolskie,Poznań,"63.5339982848, -3.3364649984",92,Mexico,07/04/1978
wallacevazquez9094@outlook.net,196-9085 Luctus St.,06 17 06 76 27,Wallace Vazquez,Costa Rica,Guanacaste,Cañas,"6.9945612288, -52.8815883264",46,Poland,05/17/1968
micahknight7793@google.com,Ap #509-7043 Pede Road,02 88 03 71 75,Micah Knight,Colombia,San Andrés y Providencia,San Andrés,"20.5023832064, 141.7790854144",73,Australia,10/10/1981
wandaweber@icloud.couk,Ap #466-2171 Donec Ave,07 45 00 18 06,Wanda Weber,Peru,Ancash,Huaraz,"-74.1202189312, 122.5625816064",56,Peru,07/24/1945
georgiavelazquez@protonmail.edu,142-1367 Odio. St.,02 23 15 36 24,Georgia Velazquez,Brazil,Rio de Janeiro,São João de Meriti,"-72.9400380416, -126.5815150592",17,China,11/02/1990
griffinbryant@protonmail.gh,Ap #800-8064 Fames Ave,04 47 44 61 94,Griffin Bryant,Sweden,Dalarnas län,Mora,"62.4279834624, 155.6755432448",70,United Kingdom,12/24/1963
wilmafrancis3586@aol.ca,465-8003 Justo. Rd.,06 58 61 15 57,Wilma Francis,Sweden,Jönköpings län,Jönköping,"-51.7347049472, 31.1514033152",25,Sweden,12/17/1965
borisburgess@protonmail.sa,658-9123 Vestibulum Avenue,08 24 86 83 81,Boris Burgess,Colombia,Distrito Capital,Bogotá,"-66.4427052032, 49.6336161792",87,Turkey,03/15/1998
xenossharpe5654@hotmail.net,495-298 Sociis Road,07 51 75 37 32,Xenos Sharpe,Netherlands,Limburg,Elen,"52.1133961216, 8.467323392",91,China,02/14/1957
quentinmills@outlook.edu,Ap #411-3406 Sociis Ave,08 13 81 84 63,Quentin Mills,New Zealand,South Island,Oamaru,"89.3607051264, 40.5759814656",38,United Kingdom,01/25/1974
athenamerritt@outlook.sn,"P.O. Box 588, 2342 At, Rd.",05 36 05 34 12,Athena Merritt,France,Midi-Pyrénées,Castres,"25.3878760448, -159.9255661568",90,Chile,10/08/1948
palomadorsey@icloud.sa,"P.O. Box 250, 6385 In St.",06 77 64 61 10,Paloma Dorsey,United States,Massachusetts,Cambridge,"-4.2680849408, -22.8865344512",25,Costa Rica,12/12/1967
alexisprice@protonmail.gh,312-8589 Eget Avenue,05 45 27 16 65,Alexis Price,Norway,Oslo,Oslo,"-63.3045916672, 60.6152148992",36,Norway,12/06/1960
levihouston@yahoo.gh,673-2345 Et Road,01 48 34 71 61,Levi Houston,Indonesia,North Maluku,Ternate,"-21.914850816, -33.367768576",96,France,08/08/1989
akeembaxter@hotmail.ca,762-9872 Varius. Avenue,04 21 83 71 87,Akeem Baxter,Turkey,Konya,Seydişehir,"66.4725817344, -176.5676863488",61,Italy,10/14/1961
baxterlittle@aol.ci,268-2398 Magna. Street,08 89 86 41 23,Baxter Little,Chile,Los Ríos,Paillaco,"-65.9649611776, 141.2434429952",91,Nigeria,10/25/1960
benedictdean7766@icloud.sn,9811 Nec Av.,07 28 46 34 47,Benedict Dean,Chile,Valparaíso,Putaendo,"-13.8136626176, 88.5103318016",47,Australia,11/22/1997
clintonrich@yahoo.gh,Ap #114-6613 Iaculis St.,02 15 44 68 83,Clinton Rich,Poland,Małopolskie,Kraków,"58.980081152, 159.4903540736",10,South Korea,09/04/1955
nitanorman4295@protonmail.sn,Ap #195-2208 Justo. St.,06 19 91 81 66,Nita Norman,China,Huáběi,Hebei,"85.2269953024, 18.8348374016",28,Netherlands,07/22/1969
minervatrujillo870@yahoo.com,939-825 Pellentesque St.,03 93 45 24 66,Minerva Trujillo,Australia,South Australia,Murray Bridge,"6.6119668736, -158.4259395584",64,South Korea,09/17/1991
dillonlong8578@aol.ci,Ap #508-7928 Augue St.,03 38 03 94 60,Dillon Long,Italy,Molise,Cercepiccola,"0.853159424, -9.4217284608",27,Singapore,06/08/1982
amelalindsay@google.net,"P.O. Box 465, 8724 Erat Av.",05 64 67 68 37,Amela Lindsay,France,Centre,Dreux,"-5.7174276096, 103.1191684096",14,Nigeria,06/29/1967
tannermedina@aol.ca,751-4289 Rutrum Street,07 94 24 14 64,Tanner Medina,India,Dadra and Nagar Haveli,Silvassa,"2.2101024768, 12.4256556032",50,Austria,11/10/1946
chandaandrews649@aol.org,557-3714 Vel Ave,08 81 71 78 28,Chanda Andrews,Singapore,West Region,Western Water Catchment,"15.1474345984, -83.1142608896",12,Chile,01/09/1963
zeleniawatts@protonmail.ci,"P.O. Box 768, 9001 Pellentesque Avenue",08 21 18 17 75,Zelenia Watts,South Africa,Eastern Cape,Butterworth,"19.0646114304, -20.1539176448",50,Germany,07/29/1974
cruznewman4672@protonmail.ca,9535 Eget Rd.,01 73 18 97 32,Cruz Newman,India,Punjab,Sargodha,"38.4549670912, -86.8051018752",87,Australia,04/03/1963
brandoncampos6999@icloud.ca,317-1558 Enim Rd.,04 55 14 82 96,Brandon Campos,Chile,Atacama,Tierra Amarilla,"-0.9239558144, 94.5381259264",5,South Africa,02/17/1957
levtodd6147@outlook.sa,Ap #528-6328 Egestas Street,04 34 25 45 69,Lev Todd,United Kingdom,West Lothian,Whitburn,"-81.3471788032, 120.2528330752",54,Nigeria,08/01/1946
eugeniaconway9747@outlook.sa,Ap #654-1612 Et St.,05 83 27 47 55,Eugenia Conway,Brazil,Rio de Janeiro,Rio de Janeiro,"-25.9603176448, 135.7384198144",65,Austria,09/23/1955
alfonsorosales441@aol.gh,Ap #251-6961 At Ave,08 88 27 83 16,Alfonso Rosales,Poland,Dolnośląskie,Legnica,"-12.9461037056, 158.2600088576",6,Brazil,11/05/1953
uptonballard1159@aol.com,Ap #791-3766 Ut St.,07 51 30 35 35,Upton Ballard,Colombia,Caldas,Manizales,"-59.2425360384, 159.0359472128",95,Russian Federation,08/10/1954
kevynmiranda4946@hotmail.ci,"Ap #574-6655 Leo, Road",06 68 43 58 56,Kevyn Miranda,Austria,Styria,Köflach,"-15.0803084288, 162.5392659456",81,Nigeria,08/03/1951
lucasmckay4815@outlook.gh,"P.O. Box 633, 3999 Euismod Ave",02 26 43 38 66,Lucas Mckay,Germany,Sachsen-Anhalt,Naumburg,"-19.096019456, -57.5723183104",19,China,03/03/1946
kathleenbutler9073@yahoo.couk,805-3553 Et St.,09 17 63 71 17,Kathleen Butler,Norway,Innlandet,Elverum,"-63.1284481024, -82.8216274944",71,Turkey,08/30/1952
shellyramsey@protonmail.ci,9418 A St.,07 92 19 46 99,Shelly Ramsey,United States,Maryland,Columbia,"83.2640415744, 97.6910931968",42,New Zealand,10/27/1977
sylvesterholcomb2702@icloud.ca,Ap #320-9468 At Ave,08 63 41 21 18,Sylvester Holcomb,Mexico,Chiapas,Tapachula,"-44.8364399616, -96.0669531136",30,Russian Federation,10/04/1976
lydiaconrad5281@protonmail.com,Ap #653-9685 Tellus Avenue,01 49 45 55 47,Lydia Conrad,Chile,Aisén,O'Higgins,"24.7303929856, 30.407712256",83,Canada,08/13/1993
staceymaldonado@aol.ci,582-8922 Dui. Ave,02 49 32 41 16,Stacey Maldonado,Norway,Trøndelag,Orkanger,"73.4447809536, 158.0368518144",50,India,05/19/1958
judahrowe@outlook.sn,6270 Luctus St.,08 37 14 17 89,Judah Rowe,United States,Pennsylvania,Pittsburgh,"-21.9346231296, -60.4873423872",49,Vietnam,08/25/1949
jerrykerr7436@aol.net,"Ap #397-3611 Orci, St.",08 42 85 73 13,Jerry Kerr,South Korea,North Gyeongsang,Cheongju,"67.6638256128, 105.3892061184",35,Canada,04/06/1990
irmacarlson8267@icloud.ca,"8042 Sed, Rd.",09 25 58 71 32,Irma Carlson,Philippines,Cordillera Administrative Region,Baguio,"-54.2680815616, -63.4958838784",95,United States,10/17/1957
kasperblanchard1248@google.net,587-2805 Cursus Road,04 31 11 80 12,Kasper Blanchard,Australia,Western Australia,Kalgoorlie-Boulder,"-12.2933137408, -155.0177688576",9,Italy,03/15/1982
owenjordan@google.sn,"P.O. Box 579, 3228 Nam Rd.",01 35 48 22 89,Owen Jordan,New Zealand,North Island,Whakatane,"17.2263243776, 13.9048720384",36,Russian Federation,03/24/1977
quongilbert7936@outlook.org,Ap #572-4562 Proin St.,07 46 15 40 10,Quon Gilbert,Nigeria,Rivers,Buguma,"20.9279154176, -98.0182950912",100,Austria,04/07/1945
rinahbooth@outlook.com,Ap #215-3341 Ante. Rd.,07 06 45 89 73,Rinah Booth,Colombia,Córdoba,Tierralta,"72.6582367232, 14.7928050688",99,Pakistan,01/13/1984
ignatiusstephens6705@outlook.sa,Ap #569-5985 Consequat St.,03 83 76 54 55,Ignatius Stephens,New Zealand,North Island,Manukau,"85.6500702208, -74.135732736",74,India,04/13/1948
