email,address,phone,name,residency,region,city,geo_location,lucky_number,nationality,birth_date
claytonwong@protonmail.sa,"148-1022 Cursus, Rd.",04 08 37 18 27,Clayton Wong,Singapore,West Region,Bukit Panjang,"-19.8040174592, -101.0582991872",81,India,09/04/1947
cassandrachase@google.org,753-7563 Adipiscing. St.,03 47 15 68 73,Cassandra Chase,Mexico,Oaxaca,Oaxaca,"-51.6316346368, 54.1171785728",70,France,08/07/1997
erinflynn@hotmail.edu,"P.O. Box 456, 2213 Quam Avenue",07 71 95 34 95,Erin Flynn,Chile,Metropolitana de Santiago,Isla de Maipo,"-65.9995358208, 26.3719548928",33,Netherlands,02/09/1956
gingerbrowning2421@icloud.ca,9376 Arcu St.,07 42 12 57 42,Ginger Browning,Russian Federation,Kurgan Oblast,Kurgan,"-52.08278016, 63.3369558016",99,Italy,06/19/1966
cleopate9480@hotmail.edu,Ap #385-5987 Gravida St.,01 96 11 18 87,Cleo Pate,Norway,Agder,Grimstad,"80.3049392128, -111.5436986368",63,South Korea,08/04/1979
elijahbyrd@yahoo.org,"P.O. Box 102, 8018 Cursus St.",08 32 87 66 13,Elijah Byrd,France,Île-de-France,Créteil,"-35.5227779072, 171.4381535232",32,India,06/27/1964
calvinsanchez2765@outlook.edu,640-5845 Phasellus St.,04 94 20 45 63,Calvin Sanchez,Brazil,Paraíba,Patos,"-18.0330957824, 160.9026902016",33,New Zealand,09/06/1975
eatoncalderon3842@yahoo.ca,"P.O. Box 890, 3285 Elit, Rd.",03 35 65 67 56,Eaton Calderon,Spain,La Rioja,Logroño,"-36.2797341696, 102.7425727488",47,China,06/03/1994
fatimamays728@google.gh,"P.O. Box 414, 6483 Praesent St.",02 82 18 06 54,Fatima Mays,Norway,Møre og Romsdal,Kristiansund,"-50.6909459456, -145.7369083904",62,Russian Federation,02/18/1946
altheasolomon5983@aol.edu,826-2406 Libero. Road,05 74 86 30 32,Althea Solomon,Chile,Aisén,Guaitecas,"-34.2057099264, 13.9085142016",65,Australia,02/22/1971
vernonmichael4420@google.ci,9667 Tincidunt St.,05 15 21 86 87,Vernon Michael,China,Dōngběi,Jilin,"25.182131712, 81.956916224",43,United Kingdom,10/25/1987
stephaniejenkins4684@outlook.couk,839-4177 Tempus Rd.,08 96 71 41 99,Stephanie Jenkins,Pakistan,Khyber Pakhtoonkhwa,Bannu,"-3.7261164544, 119.5204386816",76,Vietnam,04/14/1984
masonchaney1007@protonmail.ca,745-6751 Mauris Road,03 17 44 75 57,Mason Chaney,Spain,Castilla - La Mancha,Toledo,"-22.6034915328, 68.0132345856",29,Norway,07/14/1994
cedricgates5872@aol.ca,Ap #272-373 Nulla Street,07 21 24 44 33,Cedric Gates,Brazil,Rio de Janeiro,São João de Meriti,"-14.5758208, 22.2727345152",45,Turkey,05/22/1966
audreymullins956@google.com,Ap #566-7798 Ante. Rd.,03 71 32 57 28,Audrey Mullins,Canada,British Columbia,Coldstream,"59.028901888, 79.6797133824",77,Norway,09/25/1977
lyleclements@google.sn,620-6273 Lacus Road,09 77 95 67 22,Lyle Clements,Norway,Troms og Finnmark,Hammerfest,"-32.787747328, -131.5767375872",15,Austria,07/30/1980
shainebeach@aol.org,Ap #476-6064 Dictum Rd.,05 82 96 83 28,Shaine Beach,Ireland,Munster,Cork,"18.1215816704, -111.8169788416",21,Vietnam,03/31/1999
tashyamalone@icloud.ca,733-3405 Tincidunt St.,01 12 43 87 57,Tashya Malone,India,Karnataka,Shimoga,"-84.815876096, 133.4918652928",3,Norway,03/21/1969
yasirmccormick6666@hotmail.gh,Ap #556-5066 Parturient Rd.,02 78 53 84 61,Yasir Mccormick,Poland,Kujawsko-pomorskie,Toruń,"-13.647901184, -121.8413999104",36,Colombia,06/18/1977
utacrane7235@yahoo.sa,412-6191 Morbi Road,03 07 45 16 76,Uta Crane,Indonesia,Central Sulawesi,Palu,"78.02384384, 104.4059966464",65,Sweden,12/18/1945
garethfowler6845@icloud.com,9940 Arcu. Rd.,05 17 88 26 13,Gareth Fowler,China,Zhōngnán,Guangdong,"-3.276900352, 133.3907791872",77,Ireland,03/01/1951
cathleenramirez905@outlook.ca,895-3307 Maecenas Av.,02 06 32 73 65,Cathleen Ramirez,Spain,Castilla - La Mancha,Albacete,"42.6644846592, -117.7228700672",63,Costa Rica,09/05/1979
ottogonzalez4077@yahoo.ca,Ap #449-2431 Risus. Rd.,07 81 30 39 37,Otto Gonzalez,Costa Rica,Puntarenas,Puntarenas,"40.380166656, 78.3237705728",17,South Korea,06/09/1956
ayannapratt599@protonmail.org,Ap #484-9970 Tincidunt Ave,08 84 51 70 50,Ayanna Pratt,Mexico,Puebla,Tehuacán,"86.180361728, -127.8280131584",34,Pakistan,07/08/1961
bakerjustice@outlook.sn,"Ap #604-6598 Elit, Street",04 84 62 38 36,Baker Justice,Philippines,Soccsksargen,Kidapawan,"-43.9694390272, 62.9920342016",17,Australia,04/08/1949
mohammadbeasley@hotmail.org,"P.O. Box 415, 1479 Dapibus Rd.",01 24 92 68 67,Mohammad Beasley,Australia,Australian Capital Territory,Canberra,"23.0704157696, -171.6203482112",12,Singapore,09/12/1967
zephrtillman@google.edu,Ap #848-7201 Mi St.,03 34 29 34 33,Zephr Tillman,Austria,Salzburg,Bischofshofen,"-10.3475582976, 138.6701883392",72,Costa Rica,02/23/1976
robincampbell5275@protonmail.couk,"P.O. Box 746, 3603 Imperdiet St.",05 74 27 01 41,Robin Campbell,Spain,Andalucía,Cádiz,"-10.1422715904, 25.3143026688",36,Netherlands,12/23/1949
hedleybaldwin9992@hotmail.couk,Ap #610-2518 Massa St.,08 18 58 18 46,Hedley Baldwin,Vietnam,Cần Thơ,Cần Thơ,"-54.067329536, 141.0164424704",45,Indonesia,03/06/1964
tadcraft1676@icloud.com,7043 Placerat Ave,03 85 85 83 77,Tad Craft,Turkey,Kayseri,Pınarbaşı,"-45.1073118208, -48.9057458176",50,Sweden,05/05/1973
noblemoore3765@yahoo.com,"P.O. Box 130, 9825 Neque Avenue",06 85 58 36 27,Noble Moore,Netherlands,Zuid Holland,Gouda,"-77.7927635968, -178.6877217792",8,South Korea,10/27/1993
zephaniabrock810@icloud.sa,Ap #915-7754 Id Ave,05 86 20 11 84,Zephania Brock,Italy,Emilia-Romagna,Bologna,"75.5550809088, 178.7982450688",11,Mexico,09/06/1953
olivergates@outlook.couk,Ap #927-7414 Purus. Av.,09 60 16 85 70,Oliver Gates,China,Xīnán,Chongqing,"2.5875108864, -49.2930033664",97,Russian Federation,06/08/1984
azaliahodge6896@google.gh,7772 Malesuada Street,06 18 88 32 61,Azalia Hodge,Australia,Australian Capital Territory,Canberra,"40.8471764992, -141.490087936",46,Singapore,02/18/1975
berthanorman9208@yahoo.couk,742-4703 Et Rd.,04 91 96 29 78,Bertha Norman,France,Auvergne,Aurillac,"-58.0499221504, 143.475557888",71,Peru,01/30/1986
jeanettestrong@protonmail.sa,Ap #697-7867 Imperdiet Ave,04 27 72 73 17,Jeanette Strong,Ireland,Ulster,Belfast,"33.8539298816, 61.3345238016",73,Poland,10/17/1946
amenawyatt@google.couk,538-7676 Interdum Ave,05 04 46 46 87,Amena Wyatt,Mexico,Puebla,Tehuacán,"14.0678550528, -60.0364457984",90,Singapore,07/11/1946
xenosmoore@hotmail.org,Ap #635-6259 Euismod Avenue,05 49 01 59 15,Xenos Moore,Turkey,Kayseri,Kayseri,"-35.2458669056, -136.2465178624",85,Philippines,12/08/1956
zephaniavalentine@yahoo.couk,Ap #497-7042 Nulla Ave,05 77 68 94 58,Zephania Valentine,Russian Federation,Ulyanovsk Oblast,Ulyanovsk,"55.6741536768, 31.928470016",41,Mexico,04/03/1964
brendanlangley@outlook.sa,356-2956 Ligula. Road,04 82 64 36 43,Brendan Langley,Singapore,North-East Region,Ang Mo Kio,"-47.3847328768, -147.3416916992",62,Pakistan,01/20/1979
guineverecurry9871@protonmail.ci,7917 Est Av.,06 81 74 07 18,Guinevere Curry,Ukraine,Ternopil oblast,Chortkiv,"-19.6697693184, -145.605693952",11,Philippines,08/07/1978
kennethburt1412@icloud.sn,Ap #252-4548 Aliquam Rd.,02 73 21 68 88,Kenneth Burt,Canada,Manitoba,Daly,"-86.1639159808, -92.1863591936",22,Mexico,03/14/1964
illanahardin7454@yahoo.ca,676-2861 Et St.,06 25 37 44 64,Illana Hardin,Philippines,Eastern Visayas,Tacloban,"-14.7731282944, 93.5034622976",95,Sweden,08/04/1981
jasonelliott4966@aol.org,"P.O. Box 715, 777 Et St.",01 58 10 05 72,Jason Elliott,Brazil,Pernambuco,Caruaru,"-68.8298883072, -90.6728743936",31,Colombia,12/25/1963
tuckersmith3806@protonmail.ci,"P.O. Box 644, 6164 Mollis Av.",05 52 54 59 65,Tucker Smith,China,Huáběi,Tianjin,"66.851227136, 20.4053634048",50,Italy,06/05/1974
xenosallen@yahoo.net,"P.O. Box 670, 7199 Sem, Av.",07 83 51 27 87,Xenos Allen,Colombia,Tolima,Ibagué,"17.8532506624, 36.3640403968",68,Austria,09/18/1944
stacynunez2415@yahoo.gh,375-9283 Pharetra Ave,04 46 31 92 53,Stacy Nunez,Ireland,Connacht,Galway,"72.6595381248, -154.1285952512",83,Netherlands,10/26/1969
alexisgross@hotmail.com,6568 Non Rd.,03 95 23 34 69,Alexis Gross,Nigeria,Ogun,Sagamu,"20.49152768, -66.1371856896",44,Sweden,08/10/1991
benedictkane2890@outlook.sa,"P.O. Box 518, 3973 Turpis. Avenue",06 05 82 11 75,Benedict Kane,Singapore,East Region,Paya Lebar,"-16.0784130048, -175.2726933504",55,Ukraine,06/06/1965
brynnetorres@google.ci,"P.O. Box 716, 3719 Sapien, Rd.",05 92 67 40 58,Brynne Torres,Philippines,Central Visayas,Carcar,"-74.4477477888, -158.8285258752",50,Colombia,06/19/1999
omarcraig@hotmail.ci,Ap #269-8933 Ac Rd.,04 53 36 77 51,Omar Craig,South Korea,South Jeolla,Yeosu,"65.5445144576, -135.4423368704",6,Belgium,01/02/1948
tigersanchez1284@hotmail.sa,401-1698 Vestibulum Rd.,03 18 33 54 53,Tiger Sanchez,Netherlands,Zuid Holland,Zoetermeer,"-6.828374016, 52.6540289024",90,Germany,01/25/1977
larabarber@icloud.sa,137-3089 Bibendum Ave,09 77 97 24 85,Lara Barber,United Kingdom,Roxburghshire,Melrose,"72.3631284224, -163.2470390784",66,Belgium,09/25/1993
yvonnecasey6716@aol.sa,3879 Fringilla Av.,01 88 32 82 92,Yvonne Casey,France,Limousin,Limoges,"1.0432811008, 46.2865661952",92,Indonesia,02/21/1974
lillithmurray1944@outlook.ca,970-3580 A St.,03 31 80 73 82,Lillith Murray,Costa Rica,Limón,Guápiles,"-89.6258398208, -84.3765925888",101,Australia,04/26/1953
keanetaylor@outlook.sa,475 Auctor Ave,02 30 50 13 26,Keane Taylor,Brazil,Pará,Ananindeua,"-59.7608311808, 172.8666359808",15,Philippines,09/18/1951
chadwickwyatt@outlook.ci,Ap #212-3953 Non Rd.,05 04 38 63 45,Chadwick Wyatt,Poland,Swiętokrzyskie,Ostrowiec Świętokrzyski,"-87.1823966208, 95.1689489408",57,Austria,10/10/1960
fitzgeraldblake6071@protonmail.sn,Ap #837-7157 Dui Road,07 67 28 11 78,Fitzgerald Blake,Pakistan,Gilgit Baltistan,Kharmang,"-76.3487613952, 58.7480795136",99,Austria,03/18/1953
lucasduffy@hotmail.couk,923-7630 Etiam Avenue,04 84 79 18 87,Lucas Duffy,Vietnam,Hà Tĩnh,Hà Tĩnh,"-72.845886464, 144.2284873728",15,Germany,02/27/2000
chloecooley@aol.sa,Ap #568-8960 Cursus. Ave,03 74 90 92 47,Chloe Cooley,Pakistan,Balochistan,Lasbela,"88.1932643328, 93.5680181248",2,Colombia,12/21/1989
shaeleighkey8073@hotmail.ci,2173 Dolor. Avenue,07 81 17 98 06,Shaeleigh Key,India,Punjab,Wah,"-10.8814578688, 55.6303919104",64,South Korea,01/15/1955
katomayer@aol.sa,485-1981 Dui Ave,08 62 49 35 47,Kato Mayer,South Korea,South Jeolla,Suncheon,"-10.8158328832, 61.6805714944",90,Philippines,11/04/1951
indiraknight@google.edu,"P.O. Box 706, 8513 Nec, Ave",09 98 77 26 18,Indira Knight,Sweden,Västra Götalands län,Skövde,"69.6321677312, 77.3393723392",98,Austria,06/30/1977
chantalebridges@aol.sn,9165 Ipsum. Rd.,07 60 81 68 34,Chantale Bridges,China,Huáběi,Shanxi,"-61.4903392256, 67.3552119808",18,Germany,04/05/1964
ifeomaschultz7138@protonmail.com,8971 Quisque Av.,09 13 84 42 76,Ifeoma Schultz,United States,Nevada,North Las Vegas,"78.6941611008, -10.0716720128",52,Mexico,07/27/1957
danerandall6218@icloud.ci,Ap #570-4575 Phasellus Ave,03 16 13 22 71,Dane Randall,South Africa,KwaZulu-Natal,Ladysmith,"25.7296843776, 45.4426066944",28,India,06/29/1950
hermanjuarez@yahoo.com,Ap #437-6251 Auctor Rd.,03 86 03 70 37,Herman Juarez,Philippines,Bicol Region,Sorsogon City,"63.4057017344, 136.9843027968",62,Spain,07/30/1982
marvinhodge7834@google.edu,853-8952 Ipsum Av.,08 97 37 11 28,Marvin Hodge,Belgium,Waals-Brabant,Bierk Bierghes,"-47.9129862144, -44.0259621888",12,New Zealand,01/24/1993
scarletwoodward@hotmail.edu,Ap #339-7346 Arcu. Rd.,07 35 61 75 40,Scarlet Woodward,Peru,Lima,Huacho,"-66.1283724288, -159.4985541632",84,Canada,08/09/1961
sawyerlamb5051@google.couk,1514 Quisque Road,07 84 45 36 57,Sawyer Lamb,Philippines,Central Luzon,Mabalacat,"14.2167319552, -29.8668935168",52,Ireland,10/08/1956
robertdouglas@aol.gh,688-3762 Dapibus Street,06 37 02 23 73,Robert Douglas,Ireland,Ulster,Belfast,"2.0524581888, 86.6858339328",10,Mexico,09/18/1971
griffithadams@google.net,134-3915 Ut Rd.,05 65 82 46 61,Griffith Adams,Ireland,Leinster,Dublin,"-60.12175616, 60.2022130688",9,Pakistan,06/23/1983
orablack@yahoo.ci,499-9349 Hendrerit. Av.,05 36 55 21 62,Ora Black,South Korea,Gangwon,Wonju,"-83.5156301824, 132.4797746176",41,South Korea,07/16/1983
calliemcleod@aol.ci,2647 Faucibus Rd.,02 27 40 68 65,Callie Mcleod,Netherlands,Zuid Holland,Zoetermeer,"-66.2599189504, -109.09772288",84,Spain,03/04/1950
keeliemunoz6473@hotmail.org,"Ap #271-3311 Auctor, Ave",06 74 28 67 75,Keelie Munoz,France,Haute-Normandie,Vernon,"42.926345216, 77.2884417536",91,Vietnam,06/14/1949
grahamayers582@icloud.org,"P.O. Box 662, 3290 Lacus Avenue",05 61 07 16 21,Graham Ayers,Norway,Rogaland,Jørpeland,"7.4349010944, 17.6641569792",97,Spain,04/15/1967
damianturner@aol.ca,Ap #317-9452 Egestas Street,01 66 61 58 51,Damian Turner,China,Huádōng,Shanghai,"-72.7870820352, -156.1405914112",72,Netherlands,05/12/1969
francescayork@google.com,7547 At Rd.,04 68 70 95 28,Francesca York,Philippines,Bangsamoro,Lamitan,"-28.5273662464, -36.9808759808",86,China,10/11/1977
jonasbradford1802@aol.gh,695-1271 Sollicitudin Rd.,08 51 33 42 67,Jonas Bradford,Indonesia,Riau Islands,Tanjung Pinang,"63.4403781632, 19.8532902912",76,Pakistan,04/01/1995
jamaldalton@aol.org,669 Eget Av.,06 71 64 04 38,Jamal Dalton,Peru,Piura,Sullana,"-80.5891081216, -51.5651101696",98,Vietnam,02/24/1963
hyatthead5016@aol.gh,859-1868 Nunc Av.,05 75 44 18 35,Hyatt Head,India,Dadra and Nagar Haveli,Silvassa,"81.8050711552, -121.3559878656",86,France,09/18/1999
quonherring4684@protonmail.com,"P.O. Box 380, 6952 Faucibus Ave",05 74 47 83 22,Quon Herring,Ukraine,Zhytomyr oblast,Korosten,"60.2461273088, 171.8308506624",78,South Africa,12/28/1998
hopcampos1111@yahoo.net,2054 In Av.,08 87 42 00 57,Hop Campos,Vietnam,Long An,Tân An,"-73.27876096, -143.7892790272",70,South Africa,09/11/1946
keeganchavez@google.ca,Ap #556-8815 Mollis. St.,03 24 04 61 37,Keegan Chavez,Russian Federation,Vladimir Oblast,Vladimir,"54.0988203008, 119.8310137856",61,Philippines,02/06/1999
avatodd3490@outlook.net,857-8235 Nec Rd.,02 67 88 81 91,Ava Todd,Pakistan,Azad Kashmir,Muzzafarabad,"-79.3051080704, -126.2378031104",28,South Africa,12/10/1993
arianathornton6036@hotmail.couk,818-3560 Nibh Street,06 74 97 47 14,Ariana Thornton,Vietnam,Tiền Giang,Mỹ Tho,"1.456067584, 177.5637968896",38,Austria,12/05/1968
cairowillis480@protonmail.com,437-1307 Tincidunt Road,06 62 83 34 84,Cairo Willis,Singapore,East Region,Paya Lebar,"-26.50706688, -27.8682468352",55,Norway,09/01/1984
daphnedurham@aol.ca,Ap #622-8974 Donec Street,07 46 21 42 41,Daphne Durham,Canada,Ontario,Northumberland,"-66.5533284352, -13.3565325312",33,New Zealand,12/12/1981
rebeccawooten4574@hotmail.ci,7295 Magnis Avenue,04 89 17 41 35,Rebecca Wooten,Peru,Junín,Huancayo,"-76.7811884032, 145.8677751808",70,Colombia,12/29/1960
jerrysimon@icloud.couk,998-9776 A Rd.,08 35 63 68 53,Jerry Simon,Austria,Upper Austria,Steyr,"-29.080603648, -2.6062570496",81,China,04/10/1983
dorothyvalentine4212@aol.sa,9821 Facilisis St.,06 72 76 55 94,Dorothy Valentine,Austria,Burgenland,Jennersdorf,"5.3796032512, 131.3459362816",58,Ireland,04/12/1986
teaganblanchard@aol.edu,Ap #580-5664 Sem. St.,02 41 11 85 14,Teagan Blanchard,Belgium,Brussels Hoofdstedelijk Gewest,Sint-Agatha-Berchem,"-4.6232670208, 54.514632704",70,Russian Federation,01/18/1968
dexterpage6596@hotmail.ca,891-5442 Scelerisque Rd.,05 12 22 79 57,Dexter Page,Ukraine,Vinnytsia oblast,Haisyn,"6.3381100544, -140.9635504128",81,Costa Rica,01/11/1956
virginiaknapp3726@icloud.couk,"P.O. Box 113, 8610 Eleifend, Street",07 97 51 87 37,Virginia Knapp,Indonesia,South Sulawesi,Palopo,"46.8361826304, 23.6398009344",59,Sweden,06/27/1985
portiarice8374@yahoo.couk,347-3434 Duis Ave,04 45 11 31 72,Portia Rice,Ireland,Munster,Cork,"-79.3438761984, -16.628368896",6,Russian Federation,09/08/1988
dawnsilva@outlook.gh,"P.O. Box 763, 4809 Vestibulum Av.",09 66 14 79 18,Dawn Silva,India,Arunachal Pradesh,Itanagar,"-62.8274981888, -142.7457353728",81,Canada,01/15/1998
kirbywhitney@outlook.ca,653-1592 Tempor Rd.,07 15 61 73 66,Kirby Whitney,Singapore,West Region,Western Islands,"-61.2909202432, 34.3607940096",19,Germany,11/20/1990
augustvalencia3046@outlook.net,Ap #866-8726 Tristique Road,06 58 11 27 63,August Valencia,Nigeria,Benue,Makurdi,"19.284271104, -104.3387368448",14,South Korea,05/14/1999
hasadcameron@outlook.gh,"396-6922 Convallis, Rd.",02 82 83 57 87,Hasad Cameron,Spain,Murcia,Murcia,"-32.735202304, -137.7288374272",44,United Kingdom,01/10/1960
laneoliver@protonmail.net,4759 Diam Ave,05 76 23 24 40,Lane Oliver,Russian Federation,Novgorod Oblast,Novgorod,"-58.1780923392, 100.0135211008",15,Peru,07/19/1965
